Date,dow,month,dom,yest_volume,yest_p_diff,CNN-2,CNN-dif-2,ten,hike_prob,cut_prob,dollar,oil_price,oil_change,CPI,job_1,job_2,job_3,y_lag_1,y_lag_2,y_lag_3,y_lag_4,y_lag_5,y_lag_6,tom_resid
2022-09-15,3.0,9.0,15.0,103084800.0,0.0036829547,42.0,5.0,3.449,100.0,0.0,109.739,429633.0,2442.0,8.21,192000.0,1289000.0,200750.0,-1.8796199798583757,-20.530079269409157,2.285757751464871,0.9509130477905501,-3.7051373672485397,-0.09667751312258588,-6.221252
2022-09-16,4.0,9.0,16.0,73278490.0,0.016188392,41.0,-1.0,3.455,100.0,0.0,109.764,430774.0,1141.0,8.21,192000.0,1289000.0,200750.0,-8.16778743743896,-1.8796199798583757,-20.530079269409157,2.285757751464871,0.9509130477905501,-3.7051373672485397,2.2052944
2022-09-19,0.0,9.0,19.0,77274880.0,-0.0025254497,35.0,-6.0,3.494,100.0,0.0,109.737,430774.0,1141.0,8.21,191000.0,1290000.0,196500.0,-6.2212519073486305,-8.16778743743896,-1.8796199798583757,-20.530079269409157,2.285757751464871,0.9509130477905501,-3.9731724
2022-09-20,1.0,9.0,20.0,106746600.0,-0.02310607,36.0,1.0,3.569,100.0,0.0,110.215,430774.0,1141.0,8.21,191000.0,1290000.0,196500.0,2.2052944183349723,-6.2212519073486305,-8.16778743743896,-1.8796199798583757,-20.530079269409157,2.285757751464871,-5.6571918
2022-09-21,2.0,9.0,21.0,89472640.0,-0.006306451,36.0,0.0,3.534,100.0,0.0,110.642,430774.0,1141.0,8.21,191000.0,1290000.0,196500.0,-3.9731723403930914,2.2052944183349723,-6.2212519073486305,-8.16778743743896,-1.8796199798583757,-20.530079269409157,-3.954141
2022-09-22,3.0,9.0,22.0,122346900.0,-0.0071477103,27.0,-9.0,3.71,100.0,0.0,111.353,430774.0,1141.0,8.21,191000.0,1290000.0,196500.0,-5.6571916198730605,-3.9731723403930914,2.2052944183349723,-6.2212519073486305,-8.16778743743896,-1.8796199798583757,-6.574333
2022-09-23,4.0,9.0,23.0,92581240.0,-0.0057643214,24.0,-3.0,3.687,100.0,0.0,113.192,430559.0,-215.0,8.21,191000.0,1290000.0,196500.0,-3.954140930175754,-5.6571916198730605,-3.9731723403930914,2.2052944183349723,-6.2212519073486305,-8.16778743743896,-6.229873
2022-09-26,0.0,9.0,26.0,108294100.0,-0.0127690025,22.0,-2.0,3.928,100.0,0.0,114.103,430559.0,-215.0,8.21,182000.0,1302000.0,190500.0,-6.574333000183117,-3.954140930175754,-5.6571916198730605,-3.9731723403930914,2.2052944183349723,-6.2212519073486305,-2.0731325
2022-09-27,1.0,9.0,27.0,110802200.0,0.016597847,18.0,-4.0,3.949,100.0,0.0,114.106,430559.0,-215.0,8.21,182000.0,1302000.0,190500.0,-6.229873123168943,-6.574333000183117,-3.954140930175754,-5.6571916198730605,-3.9731723403930914,2.2052944183349723,5.448274
2022-09-28,2.0,9.0,28.0,112952300.0,-0.01108079,17.0,-1.0,3.737,100.0,0.0,112.604,430559.0,-215.0,8.21,182000.0,1302000.0,190500.0,-2.073132629394536,-6.229873123168943,-6.574333000183117,-3.954140930175754,-5.6571916198730605,-3.9731723403930914,-8.518627
2022-09-29,3.0,9.0,29.0,153711200.0,-0.012934655,17.0,0.0,3.782,100.0,0.0,112.254,430559.0,-215.0,8.21,182000.0,1302000.0,190500.0,5.448273925781223,-2.073132629394536,-6.229873123168943,-6.574333000183117,-3.954140930175754,-5.6571916198730605,-6.8583455
2022-09-30,4.0,9.0,30.0,89756480.0,0.015084149,13.0,-4.0,3.829,100.0,0.0,112.117,429203.0,-1356.0,8.21,182000.0,1302000.0,190500.0,-8.518627128601054,5.448273925781223,-2.073132629394536,-6.229873123168943,-6.574333000183117,-3.954140930175754,5.4752326
2022-10-03,0.0,10.0,3.0,103602800.0,0.014736619,16.0,3.0,3.643,100.0,0.0,111.745,429203.0,-1356.0,7.76,198000.0,1325000.0,190750.0,-6.858345336914056,-8.518627128601054,5.448273925781223,-2.073132629394536,-6.229873123168943,-6.574333000183117,8.720006
2022-10-04,1.0,10.0,4.0,88065670.0,0.009811982,20.0,4.0,3.635,100.0,0.0,110.065,429203.0,-1356.0,7.76,198000.0,1325000.0,190750.0,5.475232467651381,-6.858345336914056,-8.518627128601054,5.448273925781223,-2.073132629394536,-6.229873123168943,-4.5473967
2022-10-05,2.0,10.0,5.0,82333540.0,-0.0064844587,28.0,8.0,3.755,100.0,0.0,111.074,429203.0,-1356.0,7.76,198000.0,1325000.0,190750.0,8.720005722045926,5.475232467651381,-6.858345336914056,-8.518627128601054,5.448273925781223,-2.073132629394536,-6.423811
2022-10-06,3.0,10.0,6.0,107789500.0,-0.017034648,30.0,2.0,3.828,100.0,0.0,112.258,429203.0,-1356.0,7.76,198000.0,1325000.0,190750.0,-4.54739681243899,8.720005722045926,5.475232467651381,-6.858345336914056,-8.518627128601054,5.448273925781223,-13.8517
2022-10-07,4.0,10.0,7.0,76042770.0,-0.0109438365,23.0,-7.0,3.888,100.0,0.0,112.795,439082.0,9879.0,7.76,198000.0,1325000.0,190750.0,-6.423810768127453,-4.54739681243899,8.720005722045926,5.475232467651381,-6.858345336914056,-8.518627128601054,-6.762896
2022-10-10,0.0,10.0,10.0,92482790.0,-0.0013836864,20.0,-3.0,3.955,100.0,0.0,113.144,439082.0,9879.0,7.76,206000.0,1346000.0,194250.0,-13.85169979095457,-6.423810768127453,-4.54739681243899,8.720005722045926,5.475232467651381,-6.858345336914056,-5.396472
2022-10-11,1.0,10.0,11.0,76991800.0,-0.004515369,19.0,-1.0,3.945,100.0,0.0,113.221,439082.0,9879.0,7.76,206000.0,1346000.0,194250.0,-6.762896041870135,-13.85169979095457,-6.423810768127453,-4.54739681243899,8.720005722045926,5.475232467651381,-5.804403
2022-10-12,2.0,10.0,12.0,147254500.0,0.045809764,17.0,-2.0,3.902,100.0,0.0,113.32,439082.0,9879.0,7.76,206000.0,1346000.0,194250.0,-5.396471748352042,-6.762896041870135,-13.85169979095457,-6.423810768127453,-4.54739681243899,8.720005722045926,5.3159537
2022-10-13,3.0,10.0,13.0,123737000.0,-0.030534351,16.0,-1.0,3.95,100.0,0.0,112.363,439082.0,9879.0,7.76,206000.0,1346000.0,194250.0,-5.8044027709960915,-5.396471748352042,-6.762896041870135,-13.85169979095457,-6.423810768127453,-4.54739681243899,-13.004146
2022-10-14,4.0,10.0,14.0,93168230.0,0.0076604327,19.0,3.0,4.023,100.0,0.0,113.311,437357.0,-1725.0,7.76,206000.0,1346000.0,194250.0,5.315953941345242,-5.8044027709960915,-5.396471748352042,-6.762896041870135,-13.85169979095457,-6.423810768127453,5.6309257
2022-10-17,0.0,10.0,17.0,97162850.0,-0.010777894,16.0,-3.0,4.012,100.0,0.0,112.039,437357.0,-1725.0,7.76,198000.0,1391000.0,196000.0,-13.00414573669434,5.315953941345242,-5.8044027709960915,-5.396471748352042,-6.762896041870135,-13.85169979095457,1.5840262
2022-10-18,1.0,10.0,18.0,79746860.0,-0.001329715,23.0,7.0,4.007,100.0,0.0,112.13,437357.0,-1725.0,7.76,198000.0,1391000.0,196000.0,5.6309254837036065,-13.00414573669434,5.315953941345242,-5.8044027709960915,-5.396471748352042,-6.762896041870135,-4.620965
2022-10-19,2.0,10.0,19.0,88283090.0,-0.007170028,29.0,6.0,4.138,100.0,0.0,112.984,437357.0,-1725.0,7.76,198000.0,1391000.0,196000.0,1.5840262222289994,5.6309254837036065,-13.00414573669434,5.315953941345242,-5.8044027709960915,-5.396471748352042,-4.6604786
2022-10-20,3.0,10.0,20.0,131038400.0,0.02449972,29.0,0.0,4.233,100.0,0.0,112.881,437357.0,-1725.0,7.76,198000.0,1391000.0,196000.0,-4.620965003967285,1.5840262222289994,5.6309254837036065,-13.00414573669434,5.315953941345242,-5.8044027709960915,5.6180744
2022-10-21,4.0,10.0,21.0,85436910.0,0.007865495,39.0,10.0,4.219,100.0,0.0,112.012,439945.0,2588.0,7.76,198000.0,1391000.0,196000.0,-4.66047843933103,-4.620965003967285,1.5840262222289994,5.6309254837036065,-13.00414573669434,5.315953941345242,2.6550608
2022-10-24,0.0,10.0,24.0,78846350.0,0.015925387,44.0,5.0,4.247,100.0,0.0,111.989,439945.0,2588.0,7.76,201000.0,1432000.0,200750.0,5.618074455261251,-4.66047843933103,-4.620965003967285,1.5840262222289994,5.6309254837036065,-13.00414573669434,2.579445
2022-10-25,1.0,10.0,25.0,104087300.0,0.0010470656,47.0,3.0,4.1,100.0,0.0,110.95,439945.0,2588.0,7.76,201000.0,1432000.0,200750.0,2.655060882568364,5.618074455261251,-4.66047843933103,-4.620965003967285,1.5840262222289994,5.6309254837036065,-4.3071733
2022-10-26,2.0,10.0,26.0,81971760.0,-0.008132007,51.0,4.0,4.007,100.0,0.0,109.7,439945.0,2588.0,7.76,201000.0,1432000.0,200750.0,2.579444808959977,2.655060882568364,5.618074455261251,-4.66047843933103,-4.620965003967285,1.5840262222289994,-4.444841
2022-10-27,3.0,10.0,27.0,100302000.0,0.023520641,54.0,3.0,3.927,100.0,0.0,110.587,439945.0,2588.0,7.76,201000.0,1432000.0,200750.0,-4.307173233032245,2.579444808959977,2.655060882568364,5.618074455261251,-4.66047843933103,-4.620965003967285,6.7964644
2022-10-28,4.0,10.0,28.0,96631260.0,-0.0005955309,55.0,1.0,4.01,100.0,0.0,110.752,436830.0,-3115.0,7.76,201000.0,1432000.0,200750.0,-4.444840927124005,-4.307173233032245,2.579444808959977,2.655060882568364,5.618074455261251,-4.66047843933103,-3.8696995
2022-10-31,0.0,10.0,31.0,85407600.0,-0.014615624,57.0,2.0,4.05,100.0,0.0,111.527,436830.0,-3115.0,7.76,204000.0,1439000.0,202250.0,6.796464462280255,-4.444840927124005,-4.307173233032245,2.579444808959977,2.655060882568364,5.618074455261251,-4.9430566
2022-11-01,1.0,11.0,1.0,126990400.0,-0.024088351,64.0,7.0,4.048,100.0,0.0,111.481,436830.0,-3115.0,7.14,204000.0,1439000.0,202250.0,-3.869699516296407,6.796464462280255,-4.444840927124005,-4.307173233032245,2.579444808959977,2.655060882568364,-12.71543
2022-11-02,2.0,11.0,2.0,87100120.0,-0.001226382,64.0,0.0,4.096,100.0,0.0,111.345,436830.0,-3115.0,7.14,204000.0,1439000.0,202250.0,-4.943056564331073,-3.869699516296407,6.796464462280255,-4.444840927124005,-4.307173233032245,2.579444808959977,-9.562246
2022-11-03,3.0,11.0,3.0,103505200.0,-0.0017271157,55.0,-9.0,4.149,100.0,0.0,112.93,436830.0,-3115.0,7.14,204000.0,1439000.0,202250.0,-12.715430145263667,-4.943056564331073,-3.869699516296407,6.796464462280255,-4.444840927124005,-4.307173233032245,1.2372156
2022-11-04,4.0,11.0,4.0,68286950.0,0.0058955126,56.0,1.0,4.163,100.0,0.0,110.877,440755.0,3925.0,7.14,204000.0,1439000.0,202250.0,-9.562246551513681,-12.715430145263667,-4.943056564331073,-3.869699516296407,6.796464462280255,-4.444840927124005,-0.3484009
2022-11-07,0.0,11.0,7.0,84641060.0,0.002329843,57.0,1.0,4.218,100.0,0.0,110.12,440755.0,3925.0,7.14,207000.0,1454000.0,202500.0,1.2372156143188704,-9.562246551513681,-12.715430145263667,-4.943056564331073,-3.869699516296407,6.796464462280255,-1.2206144
2022-11-08,1.0,11.0,8.0,78495470.0,-0.015502633,60.0,3.0,4.128,100.0,0.0,109.636,440755.0,3925.0,7.14,207000.0,1454000.0,202500.0,-0.34840087890626137,1.2372156143188704,-9.562246551513681,-12.715430145263667,-4.943056564331073,-3.869699516296407,-10.261033
2022-11-09,2.0,11.0,9.0,141455800.0,0.016823329,58.0,-2.0,4.099,100.0,0.0,110.549,440755.0,3925.0,7.14,207000.0,1454000.0,202500.0,-1.2206144332885742,-0.34840087890626137,1.2372156143188704,-9.562246551513681,-12.715430145263667,-4.943056564331073,15.908957
2022-11-10,3.0,11.0,10.0,93839870.0,0.007327294,54.0,-4.0,3.811,100.0,0.0,108.206,440755.0,3925.0,7.14,207000.0,1454000.0,202500.0,-10.261033172607426,-1.2206144332885742,-0.34840087890626137,1.2372156143188704,-9.562246551513681,-12.715430145263667,1.9180362
2022-11-11,4.0,11.0,11.0,71893170.0,-0.00389755,60.0,6.0,3.811,100.0,0.0,106.292,435355.0,-5400.0,7.14,207000.0,1454000.0,202500.0,15.908956947326658,-10.261033172607426,-1.2206144332885742,-0.34840087890626137,1.2372156143188704,-9.562246551513681,-6.79986
2022-11-14,0.0,11.0,14.0,93194450.0,-0.0066751987,64.0,4.0,3.863,100.0,0.0,106.66,435355.0,-5400.0,7.14,211000.0,1484000.0,205750.0,1.9180362319946198,15.908956947326658,-10.261033172607426,-1.2206144332885742,-0.34840087890626137,1.2372156143188704,1.3304198
2022-11-15,1.0,11.0,15.0,68508450.0,-0.003363257,63.0,-1.0,3.777,100.0,0.0,106.404,435355.0,-5400.0,7.14,211000.0,1484000.0,205750.0,-6.799859886169429,1.9180362319946198,15.908956947326658,-10.261033172607426,-1.2206144332885742,-0.34840087890626137,-4.927581
2022-11-16,2.0,11.0,16.0,74496260.0,0.009588068,67.0,4.0,3.69,100.0,0.0,106.281,435355.0,-5400.0,7.14,211000.0,1484000.0,205750.0,1.3304197692871185,-6.799859886169429,1.9180362319946198,15.908956947326658,-10.261033172607426,-1.2206144332885742,-2.9068391
2022-11-17,3.0,11.0,17.0,92922450.0,-0.0043178545,65.0,-2.0,3.769,100.0,0.0,106.694,435355.0,-5400.0,7.14,211000.0,1484000.0,205750.0,-4.927580642700207,1.3304197692871185,-6.799859886169429,1.9180362319946198,15.908956947326658,-10.261033172607426,0.917681
2022-11-18,4.0,11.0,18.0,51243190.0,-0.0001267138,61.0,-4.0,3.829,100.0,0.0,106.93,431665.0,-3690.0,7.14,211000.0,1484000.0,205750.0,-2.906839141845694,-4.927580642700207,1.3304197692871185,-6.799859886169429,1.9180362319946198,15.908956947326658,-3.4234908
2022-11-21,0.0,11.0,21.0,60429030.0,0.008177044,60.0,-1.0,3.84,100.0,0.0,107.835,431665.0,-3690.0,7.14,219000.0,1554000.0,210250.0,0.9176810073852266,-2.906839141845694,-4.927580642700207,1.3304197692871185,-6.799859886169429,1.9180362319946198,3.6124854
2022-11-22,1.0,11.0,22.0,68261630.0,0.007131852,61.0,1.0,3.758,100.0,0.0,107.222,431665.0,-3690.0,7.14,219000.0,1554000.0,210250.0,-3.423490676879908,0.9176810073852266,-2.906839141845694,-4.927580642700207,1.3304197692871185,-6.799859886169429,-0.28235635
2022-11-23,2.0,11.0,23.0,30545430.0,0.0012427609,61.0,0.0,3.689,100.0,0.0,106.076,431665.0,-3690.0,7.14,219000.0,1554000.0,210250.0,3.6124853134155046,-3.423490676879908,0.9176810073852266,-2.906839141845694,-4.927580642700207,1.3304197692871185,-1.087921
2022-11-25,4.0,11.0,25.0,68021750.0,-0.008032128,64.0,3.0,3.691,100.0,0.0,105.959,419084.0,-12581.0,7.14,219000.0,1554000.0,210250.0,-0.28235633850096065,3.6124853134155046,-3.423490676879908,0.9176810073852266,-2.906839141845694,-4.927580642700207,-8.065058
2022-11-28,0.0,11.0,28.0,52310040.0,-0.0020747413,63.0,-1.0,3.679,100.0,0.0,106.681,419084.0,-12581.0,7.14,213000.0,1558000.0,212500.0,-1.0879210662841956,-0.28235633850096065,3.6124853134155046,-3.423490676879908,0.9176810073852266,-2.906839141845694,-2.543284
2022-11-29,1.0,11.0,29.0,144566700.0,0.029900903,60.0,-3.0,3.75,100.0,0.0,106.822,419084.0,-12581.0,7.14,213000.0,1558000.0,212500.0,-8.065057601928686,-1.0879210662841956,-0.28235633850096065,3.6124853134155046,-3.423490676879908,0.9176810073852266,11.441373
2022-11-30,2.0,11.0,30.0,76398170.0,-0.0034120476,58.0,-2.0,3.611,100.0,0.0,105.95,419084.0,-12581.0,7.14,213000.0,1558000.0,212500.0,-2.5432839584350404,-8.065057601928686,-1.0879210662841956,-0.28235633850096065,3.6124853134155046,-3.423490676879908,-1.5903713
2022-12-01,3.0,12.0,1.0,85342730.0,0.011452164,74.0,16.0,3.51,100.0,0.0,104.728,419084.0,-12581.0,6.44,213000.0,1558000.0,212500.0,11.441372566223151,-2.5432839584350404,-8.065057601928686,-1.0879210662841956,-0.28235633850096065,3.6124853134155046,-1.7132891
2022-12-02,4.0,12.0,2.0,77289820.0,-0.010911184,76.0,2.0,3.492,100.0,0.0,104.545,413898.0,-5186.0,6.44,213000.0,1558000.0,212500.0,-1.5903712463378952,11.441372566223151,-2.5432839584350404,-8.065057601928686,-1.0879210662841956,-0.28235633850096065,-10.218887
2022-12-05,0.0,12.0,5.0,77972220.0,-0.014193942,68.0,-8.0,3.583,100.0,0.0,105.289,413898.0,-5186.0,6.44,216000.0,1601000.0,214750.0,-1.7132891082763422,-1.5903712463378952,11.441372566223151,-2.5432839584350404,-8.065057601928686,-1.0879210662841956,-7.493949
2022-12-06,1.0,12.0,6.0,65927900.0,0.00055956864,65.0,-3.0,3.531,100.0,0.0,105.578,413898.0,-5186.0,6.44,216000.0,1601000.0,214750.0,-10.218887481689478,-1.7132891082763422,-1.5903712463378952,11.441372566223151,-2.5432839584350404,-8.065057601928686,-3.0167997
2022-12-07,2.0,12.0,7.0,60737910.0,0.0027760954,62.0,-3.0,3.421,100.0,0.0,105.1,413898.0,-5186.0,6.44,216000.0,1601000.0,214750.0,-7.493948860168473,-10.218887481689478,-1.7132891082763422,-1.5903712463378952,11.441372566223151,-2.5432839584350404,1.4453776
2022-12-08,3.0,12.0,8.0,81447730.0,-0.0042209113,58.0,-4.0,3.489,100.0,0.0,104.774,413898.0,-5186.0,6.44,216000.0,1601000.0,214750.0,-3.016799774169897,-7.493948860168473,-10.218887481689478,-1.7132891082763422,-1.5903712463378952,11.441372566223151,-3.3553493
2022-12-09,4.0,12.0,9.0,75405840.0,0.0121318465,56.0,-2.0,3.586,100.0,0.0,104.81,424129.0,10231.0,6.44,216000.0,1601000.0,214750.0,1.4453775787353607,-3.016799774169897,-7.493948860168473,-10.218887481689478,-1.7132891082763422,-1.5903712463378952,3.8178856
2022-12-12,0.0,12.0,12.0,123782500.0,-0.020523919,52.0,-4.0,3.617,100.0,0.0,105.131,424129.0,10231.0,6.44,206000.0,1601000.0,213500.0,-3.355349273681668,1.4453775787353607,-3.016799774169897,-7.493948860168473,-10.218887481689478,-1.7132891082763422,2.3782394
2022-12-13,1.0,12.0,13.0,108111300.0,-0.0055333,57.0,5.0,3.501,100.0,0.0,103.98,424129.0,10231.0,6.44,206000.0,1601000.0,213500.0,3.817885589599598,-3.355349273681668,1.4453775787353607,-3.016799774169897,-7.493948860168473,-10.218887481689478,-4.6005187
2022-12-14,2.0,12.0,14.0,117705900.0,-0.01198573,59.0,2.0,3.479,100.0,0.0,103.77,424129.0,10231.0,6.44,206000.0,1601000.0,213500.0,2.3782393646240507,3.817885589599598,-3.355349273681668,1.4453775787353607,-3.016799774169897,-7.493948860168473,-10.281835
2022-12-15,3.0,12.0,15.0,119858000.0,-0.004983432,61.0,2.0,3.45,100.0,0.0,104.558,424129.0,10231.0,6.44,206000.0,1601000.0,213500.0,-4.600518798828148,2.3782393646240507,3.817885589599598,-3.355349273681668,1.4453775787353607,-3.016799774169897,-8.042121
2022-12-16,4.0,12.0,16.0,79878100.0,-0.009078469,60.0,-1.0,3.488,100.0,0.0,104.701,418234.0,-5895.0,6.44,206000.0,1601000.0,213500.0,-10.28183471679688,-4.600518798828148,2.3782393646240507,3.817885589599598,-3.355349273681668,1.4453775787353607,-4.7228227
2022-12-19,0.0,12.0,19.0,74427240.0,0.0034424765,44.0,-16.0,3.59,100.0,0.0,104.721,418234.0,-5895.0,6.44,212000.0,1627000.0,211750.0,-8.042121391296405,-10.28183471679688,-4.600518798828148,2.3782393646240507,3.817885589599598,-3.355349273681668,-0.30380723
2022-12-20,1.0,12.0,20.0,78167370.0,0.00771561,40.0,-4.0,3.692,100.0,0.0,103.965,418234.0,-5895.0,6.44,212000.0,1627000.0,211750.0,-4.722822647094745,-8.042121391296405,-10.28183471679688,-4.600518798828148,2.3782393646240507,3.817885589599598,3.4684396
2022-12-21,2.0,12.0,21.0,100120900.0,-0.0061199833,38.0,-2.0,3.673,100.0,0.0,104.162,418234.0,-5895.0,6.44,212000.0,1627000.0,211750.0,-0.3038072204589639,-4.722822647094745,-8.042121391296405,-10.28183471679688,-4.600518798828148,2.3782393646240507,-6.8362117
2022-12-22,3.0,12.0,22.0,59857330.0,0.00851375,39.0,1.0,3.686,100.0,0.0,104.433,418234.0,-5895.0,6.44,212000.0,1627000.0,211750.0,3.4684395599365416,-0.3038072204589639,-4.722822647094745,-8.042121391296405,-10.28183471679688,-4.600518798828148,-1.6172951
2022-12-23,4.0,12.0,23.0,51638180.0,-0.0036444678,37.0,-2.0,3.751,100.0,0.0,104.314,418952.0,718.0,6.44,212000.0,1627000.0,211750.0,-6.83621147155759,3.4684395599365416,-0.3038072204589639,-4.722822647094745,-8.042121391296405,-10.28183471679688,-3.9197955
2022-12-27,1.0,12.0,27.0,70911520.0,-0.01239845,40.0,3.0,3.849,100.0,0.0,104.179,418952.0,718.0,6.44,213000.0,1650000.0,211750.0,-1.6172951126098383,-6.83621147155759,3.4684395599365416,-0.3038072204589639,-4.722822647094745,-8.042121391296405,-7.9033976
2022-12-28,2.0,12.0,28.0,66970880.0,0.009936365,40.0,0.0,3.886,100.0,0.0,104.463,418952.0,718.0,6.44,213000.0,1650000.0,211750.0,-3.9197956085205305,-1.6172951126098383,-6.83621147155759,3.4684395599365416,-0.3038072204589639,-4.722822647094745,3.4706979
2022-12-29,3.0,12.0,29.0,84022210.0,0.0046805954,36.0,-4.0,3.82,100.0,0.0,103.836,418952.0,718.0,6.44,213000.0,1650000.0,211750.0,-7.903397407531713,-3.9197956085205305,-1.6172951126098383,-6.83621147155759,3.4684395599365416,-0.3038072204589639,-2.91836
2022-12-30,4.0,12.0,30.0,74850730.0,-0.0093219895,37.0,1.0,3.879,100.0,0.0,103.522,420646.0,1694.0,6.44,213000.0,1650000.0,211750.0,3.4706978225707985,-7.903397407531713,-3.9197956085205305,-1.6172951126098383,-6.83621147155759,3.4684395599365416,-5.710382
2023-01-03,1.0,1.0,3.0,85934100.0,0.0015113612,37.0,0.0,3.752,100.0,0.0,104.518,420646.0,1694.0,6.35,206000.0,1645000.0,209250.0,-2.918360061645501,3.4706978225707985,-7.903397407531713,-3.9197956085205305,-1.6172951126098383,-6.83621147155759,-0.87411714
2023-01-04,2.0,1.0,4.0,76970460.0,-0.006167958,37.0,0.0,3.69,100.0,0.0,104.248,420646.0,1694.0,6.35,206000.0,1645000.0,209250.0,-5.710382156372077,-2.918360061645501,3.4706978225707985,-7.903397407531713,-3.9197956085205305,-1.6172951126098383,-9.481718
2023-01-05,3.0,1.0,5.0,104189600.0,0.014095032,40.0,3.0,3.722,100.0,0.0,105.042,420646.0,1694.0,6.35,206000.0,1645000.0,209250.0,-0.8741171264648528,-5.710382156372077,-2.918360061645501,3.4706978225707985,-7.903397407531713,-3.9197956085205305,4.93369
2023-01-06,4.0,1.0,6.0,73978070.0,-0.006471407,44.0,4.0,3.56,100.0,0.0,103.879,439607.0,18961.0,6.35,206000.0,1645000.0,209250.0,-9.481718177795415,-0.8741171264648528,-5.710382156372077,-2.918360061645501,3.4706978225707985,-7.903397407531713,-3.052736
2023-01-09,0.0,1.0,9.0,65358090.0,0.008525782,46.0,2.0,3.527,100.0,0.0,103.001,439607.0,18961.0,6.35,205000.0,1634000.0,209000.0,4.933690147399886,-9.481718177795415,-0.8741171264648528,-5.710382156372077,-2.918360061645501,3.4706978225707985,0.25213823
2023-01-10,1.0,1.0,10.0,68881080.0,0.008318163,47.0,1.0,3.615,100.0,0.0,103.236,439607.0,18961.0,6.35,205000.0,1634000.0,209000.0,-3.0527359390258653,4.933690147399886,-9.481718177795415,-0.8741171264648528,-5.710382156372077,-2.918360061645501,3.651197
2023-01-11,2.0,1.0,11.0,90157700.0,0.0007305522,50.0,3.0,3.543,100.0,0.0,103.188,439607.0,18961.0,6.35,205000.0,1634000.0,209000.0,0.2521382141113122,-3.0527359390258653,4.933690147399886,-9.481718177795415,-0.8741171264648528,-5.710382156372077,-0.76501375
2023-01-12,3.0,1.0,12.0,63903930.0,0.012245922,54.0,4.0,3.444,100.0,0.0,102.246,439607.0,18961.0,6.35,205000.0,1634000.0,209000.0,3.6511969757079896,0.2521382141113122,-3.0527359390258653,4.933690147399886,-9.481718177795415,-0.8741171264648528,-0.043688774
2023-01-13,4.0,1.0,13.0,62677280.0,-0.0017849511,57.0,3.0,3.498,100.0,0.0,102.204,448015.0,8408.0,6.35,205000.0,1634000.0,209000.0,-0.7650137329101767,3.6511969757079896,0.2521382141113122,-3.0527359390258653,4.933690147399886,-9.481718177795415,-3.2959142
2023-01-17,1.0,1.0,17.0,99632260.0,-0.019208664,61.0,4.0,3.549,100.0,0.0,102.39,448015.0,8408.0,6.35,200000.0,1658000.0,206000.0,-0.04368877410888672,-0.7650137329101767,3.6511969757079896,0.2521382141113122,-3.0527359390258653,4.933690147399886,-7.11003
2023-01-18,2.0,1.0,18.0,86958920.0,-0.0018526142,64.0,3.0,3.373,100.0,0.0,102.363,448015.0,8408.0,6.35,200000.0,1658000.0,206000.0,-3.2959141540527526,-0.04368877410888672,-0.7650137329101767,3.6511969757079896,0.2521382141113122,-3.0527359390258653,-4.5982842
2023-01-19,3.0,1.0,19.0,91806360.0,0.014600384,58.0,-6.0,3.399,100.0,0.0,102.058,448015.0,8408.0,6.35,200000.0,1658000.0,206000.0,-7.110029945373526,-3.2959141540527526,-0.04368877410888672,-0.7650137329101767,3.6511969757079896,0.2521382141113122,5.875988
2023-01-20,4.0,1.0,20.0,84178800.0,0.009759628,55.0,-3.0,3.482,100.0,0.0,102.012,448548.0,533.0,6.35,200000.0,1658000.0,206000.0,-4.598284111022963,-7.110029945373526,-3.2959141540527526,-0.04368877410888672,-0.7650137329101767,3.6511969757079896,4.7680893
2023-01-23,0.0,1.0,23.0,59524910.0,0.0032983508,59.0,4.0,3.521,100.0,0.0,102.138,448548.0,533.0,6.35,194000.0,1660000.0,201250.0,5.875987892150874,-4.598284111022963,-7.110029945373526,-3.2959141540527526,-0.04368877410888672,-0.7650137329101767,-1.783654
2023-01-24,1.0,1.0,24.0,84800250.0,0.010990383,64.0,5.0,3.455,100.0,0.0,101.918,448548.0,533.0,6.35,194000.0,1660000.0,201250.0,4.768089179992671,5.875987892150874,-4.598284111022963,-7.110029945373526,-3.2959141540527526,-0.04368877410888672,-1.1142315
2023-01-25,2.0,1.0,25.0,72287430.0,0.0040024705,63.0,-1.0,3.451,98.8,0.0,101.641,448548.0,533.0,6.35,194000.0,1660000.0,201250.0,-1.7836540222168082,4.768089179992671,5.875987892150874,-4.598284111022963,-7.110029945373526,-3.2959141540527526,1.3267632
2023-01-26,3.0,1.0,26.0,68346180.0,0.004991619,64.0,1.0,3.506,100.0,0.0,101.839,448548.0,533.0,6.35,194000.0,1660000.0,201250.0,-1.1142314910888445,-1.7836540222168082,4.768089179992671,5.875987892150874,-4.598284111022963,-7.110029945373526,-0.12756377
2023-01-27,4.0,1.0,27.0,74202020.0,-0.0055168625,68.0,4.0,3.507,100.0,0.0,101.927,452688.0,4140.0,6.35,194000.0,1660000.0,201250.0,1.3267631530761719,-1.1142314910888445,-1.7836540222168082,4.768089179992671,5.875987892150874,-4.598284111022963,-7.1223288
2023-01-30,0.0,1.0,30.0,86811790.0,0.013161779,69.0,1.0,3.542,100.0,0.0,102.276,452688.0,4140.0,6.35,199000.0,1688000.0,199500.0,-0.12756378173827443,1.3267631530761719,-1.1142314910888445,-1.7836540222168082,4.768089179992671,5.875987892150874,3.6190686
2023-01-31,1.0,1.0,31.0,101459200.0,0.013605161,67.0,-2.0,3.51,100.0,0.0,102.097,452688.0,4140.0,6.35,199000.0,1688000.0,199500.0,-7.122328910827662,-0.12756378173827443,1.3267631530761719,-1.1142314910888445,-1.7836540222168082,4.768089179992671,3.3945816
2023-02-01,2.0,2.0,1.0,101654500.0,0.004606747,70.0,3.0,3.417,82.7,0.0,101.217,452688.0,4140.0,5.99,199000.0,1688000.0,199500.0,3.619068603515643,-7.122328910827662,-0.12756378173827443,1.3267631530761719,-1.1142314910888445,-1.7836540222168082,3.7090065
2023-02-02,3.0,2.0,2.0,94736780.0,0.0018430945,82.0,12.0,3.402,84.1,0.0,101.75,452688.0,4140.0,5.99,199000.0,1688000.0,199500.0,3.3945816040039176,3.619068603515643,-7.122328910827662,-0.12756378173827443,1.3267631530761719,-1.1142314910888445,-5.903789
2023-02-03,4.0,2.0,3.0,60295330.0,9.760144e-05,75.0,-7.0,3.519,82.7,0.0,102.915,455111.0,2423.0,5.99,199000.0,1688000.0,199500.0,3.7090065765380587,3.3945816040039176,3.619068603515643,-7.122328910827662,-0.12756378173827443,1.3267631530761719,-6.2857847
2023-02-06,0.0,2.0,6.0,90990750.0,0.015221947,76.0,1.0,3.644,100.0,0.0,103.621,455111.0,2423.0,5.99,220000.0,1723000.0,203250.0,-5.903788948059059,3.7090065765380587,3.3945816040039176,3.619068603515643,-7.122328910827662,-0.12756378173827443,3.3049493
2023-02-07,1.0,2.0,7.0,76227460.0,-0.006039206,76.0,0.0,3.679,100.0,0.0,103.427,455111.0,2423.0,5.99,220000.0,1723000.0,203250.0,-6.285784645080582,-5.903788948059059,3.7090065765380587,3.3945816040039176,3.619068603515643,-7.122328910827662,-6.255836
2023-02-08,2.0,2.0,8.0,78694860.0,-0.017981282,76.0,0.0,3.6154,100.0,0.0,103.409,455111.0,2423.0,5.99,220000.0,1723000.0,203250.0,3.3049492263793923,-6.285784645080582,-5.903788948059059,3.7090065765380587,3.3945816040039176,3.619068603515643,-5.26523
2023-02-09,3.0,2.0,9.0,70769720.0,0.0053426134,75.0,-1.0,3.6636,100.0,0.0,103.221,455111.0,2423.0,5.99,220000.0,1723000.0,203250.0,-6.255836105346702,3.3049492263793923,-6.285784645080582,-5.903788948059059,3.7090065765380587,3.3945816040039176,-0.050065957
2023-02-10,4.0,2.0,10.0,64913540.0,0.009955672,72.0,-3.0,3.7435,100.0,0.0,103.63,471394.0,16283.0,5.99,220000.0,1723000.0,203250.0,-5.2652303314209234,-6.255836105346702,3.3049492263793923,-6.285784645080582,-5.903788948059059,3.7090065765380587,3.1223793
2023-02-13,0.0,2.0,13.0,88389310.0,0.0033927879,72.0,0.0,3.7035,100.0,0.0,103.345,471394.0,16283.0,5.99,216000.0,1714000.0,207250.0,-0.05006595611570219,-5.2652303314209234,-6.255836105346702,3.3049492263793923,-6.285784645080582,-5.903788948059059,-0.7244972
2023-02-14,1.0,2.0,14.0,61685280.0,0.00876854,73.0,1.0,3.753,100.0,0.0,103.233,471394.0,16283.0,5.99,216000.0,1714000.0,207250.0,3.122379379272445,-0.05006595611570219,-5.2652303314209234,-6.255836105346702,3.3049492263793923,-6.285784645080582,-0.7752223
2023-02-15,2.0,2.0,15.0,76431470.0,-0.0012491427,73.0,0.0,3.8029,100.0,0.0,103.923,471394.0,16283.0,5.99,216000.0,1714000.0,207250.0,-0.7244971847534316,3.122379379272445,-0.05006595611570219,-5.2652303314209234,-6.255836105346702,3.3049492263793923,-5.699389
2023-02-16,3.0,2.0,16.0,89257820.0,0.0029465207,74.0,1.0,3.8628,100.0,0.0,103.856,471394.0,16283.0,5.99,216000.0,1714000.0,207250.0,-0.7752223205566224,-0.7244971847534316,3.122379379272445,-0.05006595611570219,-5.2652303314209234,-6.255836105346702,-1.7653077
2023-02-17,4.0,2.0,17.0,82655920.0,-0.009947631,71.0,-3.0,3.8167,100.0,0.0,103.862,479041.0,7647.0,5.99,216000.0,1714000.0,207250.0,-5.699389190673855,-0.7752223205566224,-0.7244971847534316,3.122379379272445,-0.05006595611570219,-5.2652303314209234,-7.7027655
2023-02-21,1.0,2.0,21.0,83742290.0,-0.0024589752,69.0,-2.0,3.9545,100.0,0.0,104.176,479041.0,7647.0,5.99,217000.0,1718000.0,213000.0,-1.7653076553344818,-5.699389190673855,-0.7752223205566224,-0.7244971847534316,3.122379379272445,-0.05006595611570219,0.08210186
2023-02-22,2.0,2.0,22.0,96242400.0,-0.0022462937,66.0,-3.0,3.9273,100.0,0.0,104.585,479041.0,7647.0,5.99,217000.0,1718000.0,213000.0,-7.7027656173706305,-1.7653076553344818,-5.699389190673855,-0.7752223205566224,-0.7244971847534316,3.122379379272445,1.5515109
2023-02-23,3.0,2.0,23.0,108194400.0,0.0024219183,64.0,-2.0,3.8904,100.0,0.0,104.598,479041.0,7647.0,5.99,217000.0,1718000.0,213000.0,0.08210186004640718,-7.7027656173706305,-1.7653076553344818,-5.699389190673855,-0.7752223205566224,-0.7244971847534316,-4.054365
2023-02-24,4.0,2.0,24.0,80444740.0,-0.0053805346,63.0,-1.0,3.9471,100.0,0.0,105.214,480207.0,1166.0,5.99,217000.0,1718000.0,213000.0,1.5515109634399664,0.08210186004640718,-7.7027656173706305,-1.7653076553344818,-5.699389190673855,-0.7752223205566224,-0.41811994
2023-02-27,0.0,2.0,27.0,96438570.0,-0.0024478878,61.0,-2.0,3.9219,100.0,0.0,104.673,480207.0,1166.0,5.99,221000.0,1781000.0,218500.0,-4.054365272521977,1.5515109634399664,0.08210186004640718,-7.7027656173706305,-1.7653076553344818,-5.699389190673855,-1.1964982
2023-02-28,1.0,2.0,28.0,99706820.0,-0.0016973198,61.0,0.0,3.9278,100.0,0.0,104.869,480207.0,1166.0,5.99,221000.0,1781000.0,218500.0,-0.41811992645261853,-4.054365272521977,1.5515109634399664,0.08210186004640718,-7.7027656173706305,-1.7653076553344818,-1.7776287
2023-03-01,2.0,3.0,1.0,85404730.0,0.012895604,61.0,0.0,3.9944,100.0,0.0,104.483,480207.0,1166.0,4.99,221000.0,1781000.0,218500.0,-1.196498146057138,-0.41811992645261853,-4.054365272521977,1.5515109634399664,0.08210186004640718,-7.7027656173706305,3.1622882
2023-03-02,3.0,3.0,2.0,90119950.0,0.011083896,66.0,5.0,4.0616,100.0,0.0,105.027,480207.0,1166.0,4.99,221000.0,1781000.0,218500.0,-1.7776286697387604,-1.196498146057138,-0.41811992645261853,-4.054365272521977,1.5515109634399664,0.08210186004640718,7.585404
2023-03-03,4.0,3.0,3.0,72795950.0,-0.0014339753,52.0,-14.0,3.9576,100.0,0.0,104.521,478513.0,-1694.0,4.99,221000.0,1781000.0,218500.0,3.1622882461547874,-1.7776286697387604,-1.196498146057138,-0.41811992645261853,-4.054365272521977,1.5515109634399664,0.49337742
2023-03-06,0.0,3.0,6.0,108310600.0,-0.015441786,56.0,4.0,3.9636,100.0,0.0,104.35,478513.0,-1694.0,4.99,245000.0,1772000.0,224750.0,7.5854038619995094,3.1622882461547874,-1.7776286697387604,-1.196498146057138,-0.41811992645261853,-4.054365272521977,-5.7097554
2023-03-07,1.0,3.0,7.0,74746630.0,0.0013285872,55.0,-1.0,3.9696,100.0,0.0,105.615,478513.0,-1694.0,4.99,245000.0,1772000.0,224750.0,0.4933774185180937,7.5854038619995094,3.1622882461547874,-1.7776286697387604,-1.196498146057138,-0.41811992645261853,-1.1379882
2023-03-08,2.0,3.0,8.0,111945300.0,-0.020890797,50.0,-5.0,3.9893,100.0,0.0,105.658,478513.0,-1694.0,4.99,245000.0,1772000.0,224750.0,-5.709755401611346,0.4933774185180937,7.5854038619995094,3.1622882461547874,-1.7776286697387604,-1.196498146057138,-7.123985
2023-03-09,3.0,3.0,9.0,189253000.0,-0.013163691,49.0,-1.0,3.9071,100.0,0.0,105.309,478513.0,-1694.0,4.99,245000.0,1772000.0,224750.0,-1.1379881668090661,-5.709755401611346,0.4933774185180937,7.5854038619995094,3.1622882461547874,-1.7776286697387604,-6.488782
2023-03-10,4.0,3.0,10.0,157790000.0,0.009212165,37.0,-12.0,3.7045,100.0,0.0,104.576,480063.0,1550.0,4.99,245000.0,1772000.0,224750.0,-7.123984756469724,-1.1379881668090661,-5.709755401611346,0.4933774185180937,7.5854038619995094,3.1622882461547874,-1.2933966
2023-03-13,0.0,3.0,13.0,149752400.0,0.0031399177,24.0,-13.0,3.5449,76.0,0.0,103.595,480063.0,1550.0,4.99,230000.0,1804000.0,228250.0,-6.488781776428198,-7.123984756469724,-1.1379881668090661,-5.709755401611346,0.4933774185180937,7.5854038619995094,6.5203557
2023-03-14,1.0,3.0,14.0,172996900.0,0.008708385,26.0,2.0,3.6854,81.2,0.0,103.597,480063.0,1550.0,4.99,230000.0,1804000.0,228250.0,-1.2933966064452989,-6.488781776428198,-7.123984756469724,-1.1379881668090661,-5.709755401611346,0.4933774185180937,-3.1811693
2023-03-15,2.0,3.0,15.0,143753900.0,0.023453081,24.0,-2.0,3.4623,63.5,0.0,104.646,480063.0,1550.0,4.99,230000.0,1804000.0,228250.0,6.520355682373065,-1.2933966064452989,-6.488781776428198,-7.123984756469724,-1.1379881668090661,-5.709755401611346,6.081038
2023-03-16,3.0,3.0,16.0,140553400.0,-0.008282264,22.0,-2.0,3.5789,86.4,0.0,104.418,480063.0,1550.0,4.99,230000.0,1804000.0,228250.0,-3.181169242858914,6.520355682373065,-1.2933966064452989,-6.488781776428198,-7.123984756469724,-1.1379881668090661,-7.881297
2023-03-17,4.0,3.0,17.0,93055780.0,0.0074668564,33.0,11.0,3.4379,81.2,0.0,103.708,481180.0,1117.0,4.99,230000.0,1804000.0,228250.0,6.081037864685072,-3.181169242858914,6.520355682373065,-1.2933966064452989,-6.488781776428198,-7.123984756469724,2.6720374
2023-03-20,0.0,3.0,20.0,91524250.0,0.004186408,29.0,-4.0,3.4828,73.8,0.0,103.281,481180.0,1117.0,4.99,247000.0,1817000.0,235750.0,-7.881296882629385,6.081037864685072,-3.181169242858914,6.520355682373065,-1.2933966064452989,-6.488781776428198,4.092145
2023-03-21,1.0,3.0,21.0,111746600.0,-0.016883017,38.0,9.0,3.6075,85.6,0.0,103.256,481180.0,1117.0,4.99,247000.0,1817000.0,235750.0,2.672037353515634,-7.881296882629385,6.081037864685072,-3.181169242858914,6.520355682373065,-1.2933966064452989,-7.158446
2023-03-22,2.0,3.0,22.0,119351300.0,-0.004883384,43.0,5.0,3.4509,36.5,0.0,102.346,481180.0,1117.0,4.99,247000.0,1817000.0,235750.0,4.092145118713404,2.672037353515634,-7.881296882629385,6.081037864685072,-3.181169242858914,6.520355682373065,0.48392
2023-03-23,3.0,3.0,23.0,107770100.0,0.009877448,40.0,-3.0,3.4135,36.0,0.0,102.532,481180.0,1117.0,4.99,247000.0,1817000.0,235750.0,-7.158445968627916,4.092145118713404,2.672037353515634,-7.881296882629385,6.081037864685072,-3.181169242858914,0.6156597
2023-03-24,4.0,3.0,24.0,74010410.0,-0.004111075,33.0,-7.0,3.3725,10.6,0.0,103.116,473691.0,-7489.0,4.99,247000.0,1817000.0,235750.0,0.4839200210571448,-7.158445968627916,4.092145118713404,2.672037353515634,-7.881296882629385,6.081037864685072,-1.0626647
2023-03-27,0.0,3.0,27.0,62871680.0,-0.000429727,37.0,4.0,3.5393,43.0,0.0,102.857,473691.0,-7489.0,4.99,246000.0,1823000.0,242000.0,0.6156597137451172,0.4839200210571448,-7.158445968627916,4.092145118713404,2.672037353515634,-7.881296882629385,-4.517896
2023-03-28,1.0,3.0,28.0,77497880.0,0.003550517,38.0,1.0,3.5715,40.5,0.0,102.43,473691.0,-7489.0,4.99,246000.0,1823000.0,242000.0,-1.0626647567748932,0.6156597137451172,0.4839200210571448,-7.158445968627916,4.092145118713404,2.672037353515634,3.6224236
2023-03-29,2.0,3.0,29.0,69840050.0,-0.00096606393,38.0,0.0,3.5658,47.6,0.0,102.64,473691.0,-7489.0,4.99,246000.0,1823000.0,242000.0,-4.517896080017067,-1.0626647567748932,0.6156597137451172,0.4839200210571448,-7.158445968627916,4.092145118713404,0.27905196
2023-03-30,3.0,3.0,30.0,112062600.0,0.0115537755,40.0,2.0,3.5469,53.8,0.0,102.144,473691.0,-7489.0,4.99,246000.0,1823000.0,242000.0,3.622423744201683,-4.517896080017067,-1.0626647567748932,0.6156597137451172,0.4839200210571448,-7.158445968627916,4.0112176
2023-03-31,4.0,3.0,31.0,67391100.0,0.0051101106,45.0,5.0,3.4733,55.5,0.0,102.506,469952.0,-3739.0,4.99,246000.0,1823000.0,242000.0,0.2790519714355355,3.622423744201683,-4.517896080017067,-1.0626647567748932,0.6156597137451172,0.4839200210571448,0.8672039
2023-04-03,0.0,4.0,3.0,66601530.0,-0.0072185383,60.0,15.0,3.4151,60.9,0.0,102.093,469952.0,-3739.0,4.96,228000.0,1804000.0,237750.0,4.011217727661119,0.2790519714355355,3.622423744201683,-4.517896080017067,-1.0626647567748932,0.6156597137451172,-4.5223656
2023-04-04,1.0,4.0,4.0,65200240.0,-0.00076054956,55.0,-5.0,3.3386,42.1,0.0,101.586,469952.0,-3739.0,4.96,228000.0,1804000.0,237750.0,0.8672039031982308,4.011217727661119,0.2790519714355355,3.622423744201683,-4.517896080017067,-1.0626647567748932,-3.1398406
2023-04-05,2.0,4.0,5.0,63743350.0,0.005914123,53.0,-2.0,3.3089,48.5,0.0,101.852,469952.0,-3739.0,4.96,228000.0,1804000.0,237750.0,-4.522365646362289,0.8672039031982308,4.011217727661119,0.2790519714355355,3.622423744201683,-4.517896080017067,-2.1322103
2023-04-06,3.0,4.0,6.0,63681040.0,0.00732404,56.0,3.0,3.3032,50.1,0.0,101.822,469952.0,-3739.0,4.96,228000.0,1804000.0,237750.0,-3.1398405075073015,-4.522365646362289,0.8672039031982308,4.011217727661119,0.2790519714355355,3.622423744201683,-0.9834515
2023-04-10,0.0,4.0,10.0,59297950.0,-0.0013179732,59.0,3.0,3.4149,71.7,0.0,102.578,470549.0,597.0,4.96,240000.0,1861000.0,240250.0,-2.1322103118896507,-3.1398405075073015,-4.522365646362289,0.8672039031982308,4.011217727661119,0.2790519714355355,-1.5431635
2023-04-11,1.0,4.0,11.0,86420380.0,-0.009361598,59.0,0.0,3.4318,69.5,0.0,102.204,470549.0,597.0,4.96,240000.0,1861000.0,240250.0,-0.9834514999389512,-2.1322103118896507,-3.1398405075073015,-4.522365646362289,0.8672039031982308,4.011217727661119,-2.7388194
2023-04-12,2.0,4.0,12.0,85814750.0,0.010375601,60.0,1.0,3.3999,68.7,0.0,101.5,470549.0,597.0,4.96,240000.0,1861000.0,240250.0,-1.5431635665893282,-0.9834514999389512,-2.1322103118896507,-3.1398405075073015,-4.522365646362289,0.8672039031982308,5.0943303
2023-04-13,3.0,4.0,13.0,78161500.0,-0.0008485671,60.0,0.0,3.4487,67.5,0.0,101.011,470549.0,597.0,4.96,240000.0,1861000.0,240250.0,-2.738819313049305,-1.5431635665893282,-0.9834514999389512,-2.1322103118896507,-3.1398405075073015,-4.522365646362289,-2.1255817
2023-04-14,4.0,4.0,14.0,66436400.0,0.0037928203,69.0,9.0,3.5147,70.8,0.0,101.552,465968.0,-4581.0,4.96,240000.0,1861000.0,240250.0,5.09433052062991,-2.738819313049305,-1.5431635665893282,-0.9834514999389512,-2.1322103118896507,-3.1398405075073015,0.9334025
2023-04-17,0.0,4.0,17.0,63560000.0,-0.003307501,67.0,-2.0,3.6061,84.1,0.0,102.103,465968.0,-4581.0,4.96,246000.0,1843000.0,240000.0,-2.125581779480001,5.09433052062991,-2.738819313049305,-1.5431635665893282,-0.9834514999389512,-2.1322103118896507,-1.6727037
2023-04-18,1.0,4.0,18.0,55227330.0,0.0046361135,69.0,2.0,3.5775,84.6,0.0,101.745,465968.0,-4581.0,4.96,246000.0,1843000.0,240000.0,0.9334024810790993,-2.125581779480001,5.09433052062991,-2.738819313049305,-1.5431635665893282,-0.9834514999389512,-0.16175686
2023-04-19,2.0,4.0,19.0,75840360.0,0.0016266874,70.0,1.0,3.5908,86.0,0.0,101.968,465968.0,-4581.0,4.96,246000.0,1843000.0,240000.0,-1.6727037811279502,0.9334024810790993,-2.125581779480001,5.09433052062991,-2.738819313049305,-1.5431635665893282,-2.677248
2023-04-20,3.0,4.0,20.0,73457420.0,2.4260067e-05,69.0,-1.0,3.5356,84.5,0.0,101.84,465968.0,-4581.0,4.96,246000.0,1843000.0,240000.0,-0.16175685882569724,-1.6727037811279502,0.9334024810790993,-2.125581779480001,5.09433052062991,-2.738819313049305,0.20193596
2023-04-21,4.0,4.0,21.0,64332100.0,0.0015510264,65.0,-4.0,3.568,81.4,0.0,101.822,460914.0,-5054.0,4.96,246000.0,1843000.0,240000.0,-2.6772481155395553,-0.16175685882569724,-1.6727037811279502,0.9334024810790993,-2.125581779480001,5.09433052062991,1.2714242
2023-04-24,0.0,4.0,24.0,97766720.0,-0.0110815605,65.0,0.0,3.4958,85.6,0.0,101.348,460914.0,-5054.0,4.96,229000.0,1801000.0,235750.0,0.20193595886229332,-2.6772481155395553,-0.16175685882569724,-1.6727037811279502,0.9334024810790993,-2.125581779480001,-7.1477785
2023-04-25,1.0,4.0,25.0,80447050.0,-0.0058363834,64.0,-1.0,3.3996,76.7,0.0,101.863,460914.0,-5054.0,4.96,229000.0,1801000.0,235750.0,1.271424179077144,0.20193595886229332,-2.6772481155395553,-0.16175685882569724,-1.6727037811279502,0.9334024810790993,-2.491348
2023-04-26,2.0,4.0,26.0,92968370.0,0.013118014,55.0,-9.0,3.4447,72.7,0.0,101.467,460914.0,-5054.0,4.96,229000.0,1801000.0,235750.0,-7.147778434753434,1.271424179077144,0.20193595886229332,-2.6772481155395553,-0.16175685882569724,-1.6727037811279502,5.6742344
2023-04-27,3.0,4.0,27.0,89433140.0,0.010674873,53.0,-2.0,3.5281,88.6,0.0,101.503,460914.0,-5054.0,4.96,229000.0,1801000.0,235750.0,-2.491347923278795,-7.147778434753434,1.271424179077144,0.20193595886229332,-2.6772481155395553,-0.16175685882569724,3.7894285
2023-04-28,4.0,4.0,28.0,62122250.0,9.6267235e-05,58.0,5.0,3.4333,85.4,0.0,101.659,459633.0,-1281.0,4.96,229000.0,1801000.0,235750.0,5.674234542846705,-2.491347923278795,-7.147778434753434,1.271424179077144,0.20193595886229332,-2.6772481155395553,-0.35790086
2023-05-01,0.0,5.0,1.0,103998500.0,-0.009565768,60.0,2.0,3.57,95.4,0.0,102.151,459633.0,-1281.0,4.13,242000.0,1807000.0,239250.0,3.7894284057617256,5.674234542846705,-2.491347923278795,-7.147778434753434,1.271424179077144,0.20193595886229332,-4.292612
2023-05-02,1.0,5.0,2.0,91531770.0,-0.008185873,58.0,-2.0,3.4333,86.7,0.0,101.958,459633.0,-1281.0,4.13,242000.0,1807000.0,239250.0,-0.35790084838868097,3.7894284057617256,5.674234542846705,-2.491347923278795,-7.147778434753434,1.271424179077144,-2.0761714
2023-05-03,2.0,5.0,3.0,94901860.0,-0.004443018,53.0,-5.0,3.3637,0.0,10.2,101.343,459633.0,-1281.0,4.13,242000.0,1807000.0,239250.0,-4.29261222839358,-0.35790084838868097,3.7894284057617256,5.674234542846705,-2.491347923278795,-7.147778434753434,-3.7163754
2023-05-04,3.0,5.0,4.0,87891790.0,0.00901534,57.0,4.0,3.3768,1.3,0.0,101.399,459633.0,-1281.0,4.13,242000.0,1807000.0,239250.0,-2.0761713790893737,-4.29261222839358,-0.35790084838868097,3.7894284057617256,5.674234542846705,-2.491347923278795,7.0219526
2023-05-05,4.0,5.0,5.0,50046770.0,-0.00055725157,52.0,-5.0,3.4351,0.0,2.0,101.214,462584.0,2951.0,4.13,242000.0,1807000.0,239250.0,-3.716375465393071,-2.0761713790893737,-4.29261222839358,-0.35790084838868097,3.7894284057617256,5.674234542846705,-1.0002601
2023-05-08,0.0,5.0,8.0,49220120.0,-0.0004867009,60.0,8.0,3.5072,12.6,0.0,101.377,462584.0,2951.0,4.13,231000.0,1799000.0,237000.0,7.021952514648433,-3.716375465393071,-2.0761713790893737,-4.29261222839358,-0.35790084838868097,3.7894284057617256,-1.2821516
2023-05-09,1.0,5.0,9.0,96142920.0,-0.0024948528,60.0,0.0,3.5224,21.2,0.0,101.605,462584.0,2951.0,4.13,231000.0,1799000.0,237000.0,-1.0002601242065339,7.021952514648433,-3.716375465393071,-2.0761713790893737,-4.29261222839358,-0.35790084838868097,1.911533
2023-05-10,2.0,5.0,10.0,70157060.0,0.0004367554,59.0,-1.0,3.4388,8.5,0.0,101.477,462584.0,2951.0,4.13,231000.0,1799000.0,237000.0,-1.2821515274047783,-1.0002601242065339,7.021952514648433,-3.716375465393071,-2.0761713790893737,-4.29261222839358,0.004540329
2023-05-11,3.0,5.0,11.0,70481550.0,-0.004446172,58.0,-1.0,3.3861,12.9,0.0,102.058,462584.0,2951.0,4.13,231000.0,1799000.0,237000.0,1.9115329742431868,-1.2821515274047783,-1.0002601242065339,7.021952514648433,-3.716375465393071,-2.0761713790893737,0.8561562
2023-05-12,4.0,5.0,12.0,54289380.0,0.0019127866,57.0,-1.0,3.4625,10.7,0.0,102.681,467624.0,5040.0,4.13,231000.0,1799000.0,237000.0,0.00454032897948764,1.9115329742431868,-1.2821515274047783,-1.0002601242065339,7.021952514648433,-3.716375465393071,1.1991193
2023-05-15,0.0,5.0,15.0,57705500.0,-0.0039244364,58.0,1.0,3.5075,19.0,0.0,102.434,467624.0,5040.0,4.13,225000.0,1789000.0,231750.0,0.8561561965942133,0.00454032897948764,1.9115329742431868,-1.2821515274047783,-1.0002601242065339,7.021952514648433,-2.4416552
2023-05-16,1.0,5.0,16.0,87286960.0,0.006935915,59.0,1.0,3.5414,16.8,0.0,102.564,467624.0,5040.0,4.13,225000.0,1789000.0,231750.0,1.1991193389892487,0.8561561965942133,0.00454032897948764,1.9115329742431868,-1.2821515274047783,-1.0002601242065339,3.2497258
2023-05-17,2.0,5.0,17.0,97177200.0,0.01032846,57.0,-2.0,3.5716,23.8,0.0,102.882,467624.0,5040.0,4.13,225000.0,1789000.0,231750.0,-2.441655158996582,1.1991193389892487,0.8561561965942133,0.00454032897948764,1.9115329742431868,-1.2821515274047783,4.478335
2023-05-18,3.0,5.0,18.0,103793300.0,-0.003702642,62.0,5.0,3.6514,33.3,0.0,103.584,467624.0,5040.0,4.13,225000.0,1789000.0,231750.0,3.249725799560565,-2.441655158996582,1.1991193389892487,0.8561561965942133,0.00454032897948764,1.9115329742431868,-0.40525043
2023-05-19,4.0,5.0,19.0,60745400.0,0.00035817473,68.0,6.0,3.6822,35.6,0.0,103.198,455168.0,-12456.0,4.13,225000.0,1789000.0,231750.0,4.478334884643573,3.249725799560565,-2.441655158996582,1.1991193389892487,0.8561561965942133,0.00454032897948764,0.0934296
2023-05-22,0.0,5.0,22.0,86383490.0,-0.0072206524,69.0,1.0,3.7187,15.3,0.0,103.198,455168.0,-12456.0,4.13,230000.0,1794000.0,232000.0,-0.40525043487548373,4.478334884643573,3.249725799560565,-2.441655158996582,1.1991193389892487,0.8561561965942133,-4.1807413
2023-05-23,1.0,5.0,23.0,89213680.0,-0.0032353012,70.0,1.0,3.6976,31.4,0.0,103.488,455168.0,-12456.0,4.13,230000.0,1794000.0,232000.0,0.09342960357668062,-0.40525043487548373,4.478334884643573,3.249725799560565,-2.441655158996582,1.1991193389892487,-4.618621
2023-05-24,2.0,5.0,24.0,90961610.0,-0.00021705052,64.0,-6.0,3.7438,29.5,0.0,103.887,455168.0,-12456.0,4.13,230000.0,1794000.0,232000.0,-4.1807414627075445,0.09342960357668062,-0.40525043487548373,4.478334884643573,3.249725799560565,-2.441655158996582,2.073257
2023-05-25,3.0,5.0,25.0,93829980.0,0.011166135,61.0,-3.0,3.8232,35.4,0.0,104.251,455168.0,-12456.0,4.13,230000.0,1794000.0,232000.0,-4.618621025085474,-4.1807414627075445,0.09342960357668062,-0.40525043487548373,4.478334884643573,3.249725799560565,2.530951
2023-05-26,4.0,5.0,26.0,72215960.0,-0.004402875,62.0,1.0,3.81,58.5,0.0,104.206,459657.0,4489.0,4.13,230000.0,1794000.0,232000.0,2.07325687408445,-4.618621025085474,-4.1807414627075445,0.09342960357668062,-0.40525043487548373,4.478334884643573,-0.85861045
2023-05-30,1.0,5.0,30.0,110811800.0,-0.0010290775,69.0,7.0,3.6942,59.6,0.0,104.165,459657.0,4489.0,4.13,233000.0,1755000.0,229750.0,2.530951042175275,2.07325687408445,-4.618621025085474,-4.1807414627075445,0.09342960357668062,-0.40525043487548373,-3.8876996
2023-05-31,2.0,5.0,31.0,88865020.0,0.008842634,69.0,0.0,3.6464,36.7,0.0,104.326,459657.0,4489.0,4.13,233000.0,1755000.0,229750.0,-0.8586104583740166,2.530951042175275,2.07325687408445,-4.618621025085474,-4.1807414627075445,0.09342960357668062,2.655496
2023-06-01,3.0,6.0,1.0,91426170.0,0.007992148,64.0,-5.0,3.6007,24.0,0.0,103.56,459657.0,4489.0,3.09,233000.0,1755000.0,229750.0,-3.8876995086669695,-0.8586104583740166,2.530951042175275,2.07325687408445,-4.618621025085474,-4.1807414627075445,6.0835695
2023-06-02,4.0,6.0,2.0,65460160.0,-0.002762819,62.0,-2.0,3.6984,25.1,0.0,104.015,459205.0,-452.0,3.09,233000.0,1755000.0,229750.0,2.655495948791497,-3.8876995086669695,-0.8586104583740166,2.530951042175275,2.07325687408445,-4.618621025085474,-1.4169077
2023-06-05,0.0,6.0,5.0,64022180.0,0.0031773474,74.0,12.0,3.6889,22.9,0.0,104.002,459205.0,-452.0,3.09,262000.0,1772000.0,237500.0,6.083569450378434,2.655495948791497,-3.8876995086669695,-0.8586104583740166,2.530951042175275,2.07325687408445,0.7163794
2023-06-06,1.0,6.0,6.0,85373280.0,-0.004430899,74.0,0.0,3.6774,18.3,0.0,104.125,459205.0,-452.0,3.09,262000.0,1772000.0,237500.0,-1.4169076919555437,6.083569450378434,2.655495948791497,-3.8876995086669695,-0.8586104583740166,2.530951042175275,-3.0295851
2023-06-07,2.0,6.0,7.0,61952840.0,0.0058490434,76.0,2.0,3.7933,33.3,0.0,104.099,459205.0,-452.0,3.09,262000.0,1772000.0,237500.0,0.7163794326781954,-1.4169076919555437,6.083569450378434,2.655495948791497,-3.8876995086669695,-0.8586104583740166,2.8744478
2023-06-08,3.0,6.0,8.0,85647270.0,-0.00013956735,77.0,1.0,3.7179,25.2,0.0,103.343,459205.0,-452.0,3.09,262000.0,1772000.0,237500.0,-3.0295850753784066,0.7163794326781954,-1.4169076919555437,6.083569450378434,2.655495948791497,-3.8876995086669695,1.2096943
2023-06-09,4.0,6.0,9.0,76256700.0,0.006639004,78.0,1.0,3.7433,24.7,0.0,103.557,467124.0,7919.0,3.09,262000.0,1772000.0,237500.0,2.8744477081298783,-3.0295850753784066,0.7163794326781954,-1.4169076919555437,6.083569450378434,2.655495948791497,5.4165936
2023-06-12,0.0,6.0,12.0,95899700.0,0.003068749,77.0,-1.0,3.7433,18.5,0.0,103.654,467124.0,7919.0,3.09,264000.0,1761000.0,247250.0,1.20969429016111,2.8744477081298783,-3.0295850753784066,0.7163794326781954,-1.4169076919555437,6.083569450378434,5.643112
2023-06-13,1.0,6.0,13.0,100612100.0,0.00038885584,79.0,2.0,3.8269,5.8,0.0,103.338,467124.0,7919.0,3.09,264000.0,1761000.0,247250.0,5.41659336090089,1.20969429016111,2.8744477081298783,-3.0295850753784066,0.7163794326781954,-1.4169076919555437,2.0808332
2023-06-14,2.0,6.0,14.0,110303100.0,0.01416629,80.0,1.0,3.79,71.9,0.0,102.948,467124.0,7919.0,3.09,264000.0,1761000.0,247250.0,5.643112335205103,5.41659336090089,1.20969429016111,2.8744477081298783,-3.0295850753784066,0.7163794326781954,7.464257
2023-06-15,3.0,6.0,15.0,114165800.0,-0.008100851,79.0,-1.0,3.7204,69.4,0.0,102.115,467124.0,7919.0,3.09,264000.0,1761000.0,247250.0,2.0808331298828193,5.643112335205103,5.41659336090089,1.20969429016111,2.8744477081298783,-3.0295850753784066,-2.2133188
2023-06-16,4.0,6.0,16.0,76160360.0,-0.0006175946,81.0,2.0,3.7672,71.9,0.0,102.243,463293.0,-3831.0,3.09,264000.0,1761000.0,247250.0,7.464256858825706,2.0808331298828193,5.643112335205103,5.41659336090089,1.20969429016111,2.8744477081298783,-0.36576587
2023-06-20,1.0,6.0,20.0,76982250.0,-0.0028049846,80.0,-1.0,3.7188,76.9,0.0,102.54,463293.0,-3831.0,3.09,265000.0,1733000.0,256000.0,-2.2133188629150595,7.464256858825706,2.0808331298828193,5.643112335205103,5.41659336090089,1.20969429016111,-1.0289683
2023-06-21,2.0,6.0,21.0,70637180.0,0.0058646994,78.0,-2.0,3.7266,71.9,0.0,102.071,463293.0,-3831.0,3.09,265000.0,1733000.0,256000.0,-0.3657658767700127,-2.2133188629150595,7.464256858825706,2.0808331298828193,5.643112335205103,5.41659336090089,2.8993394
2023-06-22,3.0,6.0,22.0,92074540.0,0.0006463378,78.0,0.0,3.7966,76.9,0.0,102.386,463293.0,-3831.0,3.09,265000.0,1733000.0,256000.0,-1.0289683914184593,-0.3657658767700127,-2.2133188629150595,7.464256858825706,2.0808331298828193,5.643112335205103,-1.2016821
2023-06-23,4.0,6.0,23.0,72823560.0,-0.0027350269,76.0,-2.0,3.7366,74.4,0.0,102.903,453690.0,-9603.0,3.09,265000.0,1733000.0,256000.0,2.8993394470214753,-1.0289683914184593,-0.3657658767700127,-2.2133188629150595,7.464256858825706,2.0808331298828193,-2.265102
2023-06-26,0.0,6.0,26.0,72813700.0,0.008758053,73.0,-3.0,3.7231,75.6,0.0,102.692,453690.0,-9603.0,3.09,236000.0,1718000.0,256750.0,-1.2016821289062705,2.8993394470214753,-1.0289683914184593,-0.3657658767700127,-2.2133188629150595,7.464256858825706,4.383189
2023-06-27,1.0,6.0,27.0,75635980.0,0.0030706478,72.0,-1.0,3.7717,76.9,0.0,102.492,453690.0,-9603.0,3.09,236000.0,1718000.0,256750.0,-2.2651019668579124,-1.2016821289062705,2.8993394470214753,-1.0289683914184593,-0.3657658767700127,-2.2133188629150595,-1.4587845
2023-06-28,2.0,6.0,28.0,67882300.0,0.004907443,77.0,5.0,3.7136,81.8,0.0,102.905,453690.0,-9603.0,3.09,236000.0,1718000.0,256750.0,4.383189125061051,-2.2651019668579124,-1.2016821289062705,2.8993394470214753,-1.0289683914184593,-0.3657658767700127,1.5255722
2023-06-29,3.0,6.0,29.0,104964000.0,0.0041508754,78.0,1.0,3.8422,86.8,0.0,103.342,453690.0,-9603.0,3.09,236000.0,1718000.0,256750.0,-1.4587844467163222,4.383189125061051,-2.2651019668579124,-1.2016821289062705,2.8993394470214753,-1.0289683914184593,4.5893083
2023-06-30,4.0,6.0,30.0,32793380.0,0.0019603868,79.0,1.0,3.8406,86.8,0.0,102.912,452182.0,-1508.0,3.09,236000.0,1718000.0,256750.0,1.5255721664428847,-1.4587844467163222,4.383189125061051,-2.2651019668579124,-1.2016821289062705,2.8993394470214753,0.6219025
2023-07-03,0.0,7.0,3.0,58418430.0,0.0027531425,83.0,4.0,3.8584,89.9,0.0,102.962,452182.0,-1508.0,3.3,249000.0,1721000.0,253500.0,4.589308052062961,1.5255721664428847,-1.4587844467163222,4.383189125061051,-2.2651019668579124,-1.2016821289062705,0.1795615
2023-07-05,2.0,7.0,5.0,80658300.0,0.00054587633,79.0,-4.0,3.9335,88.7,0.0,103.373,452182.0,-1508.0,3.3,249000.0,1721000.0,253500.0,0.6219025039673056,4.589308052062961,1.5255721664428847,-1.4587844467163222,4.383189125061051,-2.2651019668579124,-4.136489
2023-07-06,3.0,7.0,6.0,86134180.0,-0.00018241933,79.0,0.0,4.0311,92.4,0.0,103.069,452182.0,-1508.0,3.3,249000.0,1721000.0,253500.0,0.17956150054931186,0.6219025039673056,4.589308052062961,1.5255721664428847,-1.4587844467163222,4.383189125061051,-1.5111392
2023-07-07,4.0,7.0,7.0,62443500.0,0.0033662375,78.0,-1.0,4.0656,92.4,0.0,102.272,458128.0,5946.0,3.3,249000.0,1721000.0,253500.0,-4.1364887619018305,0.17956150054931186,0.6219025039673056,4.589308052062961,1.5255721664428847,-1.4587844467163222,-0.46597657
2023-07-10,0.0,7.0,10.0,64463750.0,0.0045427834,78.0,0.0,3.9998,92.4,0.0,101.972,458128.0,5946.0,3.3,237000.0,1749000.0,246750.0,-1.511139106750477,-4.1364887619018305,0.17956150054931186,0.6219025039673056,4.589308052062961,1.5255721664428847,3.3250923
2023-07-11,1.0,7.0,11.0,91924530.0,-0.0008295592,77.0,-1.0,3.978,92.4,0.0,101.732,458128.0,5946.0,3.3,237000.0,1749000.0,246750.0,-0.465976562499975,-1.511139106750477,-4.1364887619018305,0.17956150054931186,0.6219025039673056,4.589308052062961,4.106746
2023-07-12,2.0,7.0,12.0,72425240.0,0.0036924994,78.0,1.0,3.8613,92.4,0.0,100.521,458128.0,5946.0,3.3,237000.0,1749000.0,246750.0,3.325092277526835,-0.465976562499975,-1.511139106750477,-4.1364887619018305,0.17956150054931186,0.6219025039673056,4.9354825
2023-07-13,3.0,7.0,13.0,69815820.0,-0.0026598112,80.0,2.0,3.7673,92.4,0.0,99.77,458128.0,5946.0,3.3,237000.0,1749000.0,246750.0,4.106746215820294,3.325092277526835,-0.465976562499975,-1.511139106750477,-4.1364887619018305,0.17956150054931186,2.2176774
2023-07-14,4.0,7.0,14.0,52680220.0,0.00379292,81.0,1.0,3.8302,94.9,0.0,99.914,457420.0,-708.0,3.3,237000.0,1749000.0,246750.0,4.935482559204104,4.106746215820294,3.325092277526835,-0.465976562499975,-1.511139106750477,-4.1364887619018305,2.5266092
2023-07-17,0.0,7.0,17.0,80744450.0,0.008124353,80.0,-1.0,3.8087,97.3,0.0,99.842,457420.0,-708.0,3.3,228000.0,1679000.0,237500.0,2.2176773834228243,4.935482559204104,4.106746215820294,3.325092277526835,-0.465976562499975,-1.511139106750477,4.877464
2023-07-18,1.0,7.0,18.0,65891690.0,0.00041739896,81.0,1.0,3.7892,99.8,0.0,99.941,457420.0,-708.0,3.3,228000.0,1679000.0,237500.0,2.5266092681884516,2.2176773834228243,4.935482559204104,4.106746215820294,3.325092277526835,-0.465976562499975,1.0907586
2023-07-19,2.0,7.0,19.0,70591640.0,-0.0044009024,83.0,2.0,3.7483,99.8,0.0,100.276,457420.0,-708.0,3.3,228000.0,1679000.0,237500.0,4.877463760375974,2.5266092681884516,2.2176773834228243,4.935482559204104,4.106746215820294,3.325092277526835,-1.2874578
2023-07-20,3.0,7.0,20.0,71275620.0,-0.0039364854,82.0,-1.0,3.8562,99.8,0.0,100.88,457420.0,-708.0,3.3,228000.0,1679000.0,237500.0,1.0907585144042855,4.877463760375974,2.5266092681884516,2.2176773834228243,4.935482559204104,4.106746215820294,0.8725354
2023-07-21,4.0,7.0,21.0,54023380.0,0.0018273888,82.0,0.0,3.8369,99.8,0.0,101.071,456820.0,-600.0,3.3,228000.0,1679000.0,237500.0,-1.2874577713012627,1.0907585144042855,4.877463760375974,2.5266092681884516,2.2176773834228243,4.935482559204104,2.8527014
2023-07-24,0.0,7.0,24.0,55191240.0,0.003337432,83.0,1.0,3.8784,100.0,0.0,101.346,456820.0,-600.0,3.3,221000.0,1692000.0,233750.0,0.8725354003906318,-1.2874577713012627,1.0907585144042855,4.877463760375974,2.5266092681884516,2.2176773834228243,2.8455749
2023-07-25,1.0,7.0,25.0,71052890.0,0.0022831552,81.0,-2.0,3.8904,100.0,0.0,101.349,456820.0,-600.0,3.3,221000.0,1692000.0,233750.0,2.852701377868641,0.8725354003906318,-1.2874577713012627,1.0907585144042855,4.877463760375974,2.5266092681884516,0.041629564
2023-07-26,2.0,7.0,26.0,92194380.0,-0.014431258,81.0,0.0,3.8727,22.0,0.0,100.887,456820.0,-600.0,3.3,221000.0,1692000.0,233750.0,2.845574798583982,2.852701377868641,0.8725354003906318,-1.2874577713012627,1.0907585144042855,4.877463760375974,-2.8064754
2023-07-27,3.0,7.0,27.0,80011790.0,0.0022761095,80.0,-1.0,4.0022,21.0,0.0,101.773,456820.0,-600.0,3.3,221000.0,1692000.0,233750.0,0.04162956237792059,2.845574798583982,2.852701377868641,0.8725354003906318,-1.2874577713012627,1.0907585144042855,2.5543776
2023-07-28,4.0,7.0,28.0,62040450.0,0.00083007495,77.0,-3.0,3.9566,20.0,0.0,101.622,439771.0,-17049.0,3.3,221000.0,1692000.0,233750.0,-2.8064754104614167,0.04162956237792059,2.845574798583982,2.852701377868641,0.8725354003906318,-1.2874577713012627,1.0854216
2023-07-31,0.0,7.0,31.0,55502200.0,0.00046004207,78.0,1.0,3.9668,17.5,0.0,101.855,439771.0,-17049.0,3.3,227000.0,1684000.0,228250.0,2.5543774795532386,-2.8064754104614167,0.04162956237792059,2.845574798583982,2.852701377868641,0.8725354003906318,-1.4693704
2023-08-01,1.0,8.0,1.0,93933370.0,-0.006931331,77.0,-1.0,4.0371,15.5,0.0,102.303,439771.0,-17049.0,3.3,227000.0,1684000.0,228250.0,1.0854216003418173,2.5543774795532386,-2.8064754104614167,0.04162956237792059,2.845574798583982,2.852701377868641,-6.1336174
2023-08-02,2.0,8.0,2.0,64419690.0,0.0017823724,59.0,-18.0,4.0896,17.5,0.0,102.59,439771.0,-17049.0,3.3,227000.0,1684000.0,228250.0,-1.4693703842162904,1.0854216003418173,2.5543774795532386,-2.8064754104614167,0.04162956237792059,2.845574798583982,-0.7356178
2023-08-03,3.0,8.0,3.0,100128900.0,-0.008750923,74.0,15.0,4.1792,17.5,0.0,102.542,439771.0,-17049.0,3.3,227000.0,1684000.0,228250.0,-6.133617515563969,-1.4693703842162904,1.0854216003418173,2.5543774795532386,-2.8064754104614167,0.04162956237792059,-2.709414
2023-08-04,4.0,8.0,4.0,58357460.0,0.0044374433,75.0,1.0,4.0418,21.5,0.0,102.017,445622.0,5851.0,3.3,227000.0,1684000.0,228250.0,-0.735617790222193,-6.133617515563969,-1.4693703842162904,1.0854216003418173,2.5543774795532386,-2.8064754104614167,4.340575
2023-08-07,0.0,8.0,7.0,71361320.0,0.0014930362,69.0,-6.0,4.0966,13.5,0.0,102.047,445622.0,5851.0,3.3,250000.0,1711000.0,231500.0,-2.7094139480590798,-0.735617790222193,-6.133617515563969,-1.4693703842162904,1.0854216003418173,2.5543774795532386,-2.414237
2023-08-08,1.0,8.0,8.0,78789580.0,-0.007358385,67.0,-2.0,4.0281,13.5,0.0,102.528,445622.0,5851.0,3.3,250000.0,1711000.0,231500.0,4.3405751800536905,-2.7094139480590798,-0.735617790222193,-6.133617515563969,-1.4693703842162904,1.0854216003418173,-1.6621628
2023-08-09,2.0,8.0,9.0,93005500.0,-0.0051131393,69.0,2.0,4.0161,13.5,0.0,102.49,445622.0,5851.0,3.3,250000.0,1711000.0,231500.0,-2.4142370223999023,4.3405751800536905,-2.7094139480590798,-0.735617790222193,-6.133617515563969,-1.4693703842162904,1.171672
2023-08-10,3.0,8.0,10.0,68690900.0,0.0037697745,67.0,-2.0,4.1074,11.0,0.0,102.524,445622.0,5851.0,3.3,250000.0,1711000.0,231500.0,-1.6621627807617188,-2.4142370223999023,4.3405751800536905,-2.7094139480590798,-0.735617790222193,-6.133617515563969,1.5940593
2023-08-11,4.0,8.0,11.0,47867440.0,0.0076097385,64.0,-3.0,4.1581,9.5,0.0,102.842,439662.0,-5960.0,3.3,250000.0,1711000.0,231500.0,1.171672019958521,-1.6621627807617188,-2.4142370223999023,4.3405751800536905,-2.7094139480590798,-0.735617790222193,5.5826507
2023-08-14,0.0,8.0,14.0,75707530.0,-0.0076316916,63.0,-1.0,4.2011,11.5,0.0,103.19,439662.0,-5960.0,3.3,240000.0,1697000.0,234500.0,1.5940593719482195,1.171672019958521,-1.6621627807617188,-2.4142370223999023,4.3405751800536905,-2.7094139480590798,-3.3093188
2023-08-15,1.0,8.0,15.0,80107210.0,-0.006414339,70.0,7.0,4.2188,9.5,0.0,103.209,439662.0,-5960.0,3.3,240000.0,1697000.0,234500.0,5.582650527954115,1.5940593719482195,1.171672019958521,-1.6621627807617188,-2.4142370223999023,4.3405751800536905,-1.4932684
2023-08-16,2.0,8.0,16.0,95711320.0,-0.011162301,56.0,-14.0,4.2583,13.5,0.0,103.431,439662.0,-5960.0,3.3,240000.0,1697000.0,234500.0,-3.3093188858032363,5.582650527954115,1.5940593719482195,1.171672019958521,-1.6621627807617188,-2.4142370223999023,-3.5272627
2023-08-17,3.0,8.0,17.0,98851960.0,0.007170676,52.0,-4.0,4.284,11.5,0.0,103.572,439662.0,-5960.0,3.3,240000.0,1697000.0,234500.0,-1.4932683563232558,-3.3093188858032363,5.582650527954115,1.5940593719482195,1.171672019958521,-1.6621627807617188,1.4013386
2023-08-18,4.0,8.0,18.0,68718960.0,0.004074293,44.0,-8.0,4.2507,9.5,0.0,103.375,433528.0,-6134.0,3.3,240000.0,1697000.0,234500.0,-3.5272626495361123,-1.4932683563232558,-3.3093188858032363,5.582650527954115,1.5940593719482195,1.171672019958521,2.661246
2023-08-21,0.0,8.0,21.0,65062860.0,-0.00691544,46.0,2.0,4.3419,15.5,0.0,103.3,433528.0,-6134.0,3.3,232000.0,1719000.0,237250.0,1.4013385772705078,-3.5272626495361123,-1.4932683563232558,-3.3093188858032363,5.582650527954115,1.5940593719482195,-1.1431586
2023-08-22,1.0,8.0,22.0,68441020.0,0.008532153,48.0,2.0,4.332,15.0,0.0,103.563,433528.0,-6134.0,3.3,232000.0,1719000.0,237250.0,2.6612461471557367,1.4013385772705078,-3.5272626495361123,-1.4932683563232558,-3.3093188858032363,5.582650527954115,4.9308124
2023-08-23,2.0,8.0,23.0,88517270.0,-0.017853465,47.0,-1.0,4.1958,13.5,0.0,103.419,433528.0,-6134.0,3.3,232000.0,1719000.0,237250.0,-1.1431585311889876,2.6612461471557367,1.4013385772705078,-3.5272626495361123,-1.4932683563232558,-3.3093188858032363,-7.6985717
2023-08-24,3.0,8.0,24.0,102325100.0,0.0029320181,50.0,3.0,4.2411,19.5,0.0,103.982,433528.0,-6134.0,3.3,232000.0,1719000.0,237250.0,4.930812149047824,-1.1431585311889876,2.6612461471557367,1.4013385772705078,-3.5272626495361123,-1.4932683563232558,0.6248214
2023-08-25,4.0,8.0,25.0,61595390.0,0.0011744512,46.0,-4.0,4.2314,19.5,0.0,104.077,422944.0,-10584.0,3.3,232000.0,1719000.0,237250.0,-7.698571548461928,4.930812149047824,-1.1431585311889876,2.6612461471557367,1.4013385772705078,-3.5272626495361123,-2.6843302
2023-08-28,0.0,8.0,28.0,83081920.0,0.014493722,48.0,2.0,4.2059,22.0,0.0,104.058,422944.0,-10584.0,3.3,229000.0,1679000.0,237750.0,0.6248213958740507,-7.698571548461928,4.930812149047824,-1.1431585311889876,2.6612461471557367,1.4013385772705078,2.3765843
2023-08-29,1.0,8.0,29.0,69053910.0,0.0033258686,48.0,0.0,4.1198,13.5,0.0,103.531,422944.0,-10584.0,3.3,229000.0,1679000.0,237750.0,-2.6843302154541107,0.6248213958740507,-7.698571548461928,4.930812149047824,-1.1431585311889876,2.6612461471557367,-2.4972517
2023-08-30,2.0,8.0,30.0,66084560.0,-0.0028866436,50.0,2.0,4.112,11.5,0.0,103.157,422944.0,-10584.0,3.3,229000.0,1679000.0,237750.0,2.3765842056274664,-2.6843302154541107,0.6248213958740507,-7.698571548461928,4.930812149047824,-1.1431585311889876,-4.960277
