,buy price,delta,gamma,theta,vega,rho,iv,rsi_10,rsi_20,rsi_30,dff1,dff2,sma_10,percentb,close price,win,win_loss
25,5.91,0.980533595,0.006513747,-9759.988871,0.089685142,0.005663002,0.312101983,49.21927548,58.77721415,63.38757994,-9.557938674,-4.610365788,-7.615,0.489607779,7.11,1.2000000000000002,1
26,5.19,0.62736773,0.030180979,-932.5317603,0.2448745,0.040603211,0.202167462,69.36080624,61.72002257,59.01665487,7.640783667,2.703367693,-7.615,1.163642955,6.24,1.0499999999999998,1
28,3.51,0.602478757,0.049503552,-1347.233127,0.18679639,0.023442792,0.16541791,81.82520521,74.06267648,69.28547087,7.762528726,4.777205611,0.206,0.9674081,4.34,0.8300000000000001,1
29,2.93,0.693386263,0.04898143,-1236.707484,0.187041252,0.024082419,0.151641232,66.56681855,63.07943761,60.81692425,3.487380939,2.262513363,0.206,0.937987943,3.62,0.69,1
30,3.02,0.735005776,0.043884431,-1284.960082,0.187075919,0.024275351,0.157530709,83.61794724,74.11199165,69.08987684,9.505955588,5.022114816,0.206,0.99301558,2.11,-0.9100000000000001,0
31,3.9,0.735005776,0.043884431,-1284.960082,0.187075919,0.024275351,0.157530709,74.7818783,65.17290603,62.41223673,9.608972278,2.7606693,1.057,1.196283482,4.25,0.3500000000000001,1
32,3.96,0.80274438,0.037992114,-1254.046187,0.187916171,0.024888443,0.153050021,58.86073004,55.21680774,53.43643161,3.643922299,1.780376136,2.389,0.569373698,4.83,0.8700000000000001,1
33,3.97,0.614594158,0.045683859,-1035.448016,0.212227832,0.030040851,0.156365759,67.72391747,63.85875328,60.28640815,3.865164184,3.572345135,2.389,0.926723267,2.71,-1.2600000000000002,0
40,4.2,0.87776899,0.021773934,-858.6306184,0.223014849,0.037829306,0.162180663,78.16955879,69.00959784,65.51007563,9.159960947,3.499522207,-1.238,1.297662058,3.79,-0.41000000000000014,0
50,6.69,0.317487771,0.024823153,-1779.576164,0.192921572,0.024198362,0.295715239,36.95379535,44.35072248,44.78024408,-7.396927129,-0.429521597,-3.216,0.380759093,8.04,1.3499999999999988,1
51,6.77,0.597107635,0.025082927,-1887.91619,0.191642106,0.025393303,0.315813624,63.4839119,58.61126807,55.39060437,4.872643831,3.220663705,-3.216,0.968130564,8.18,1.4100000000000001,1
52,5.46,0.690767943,0.025100031,-1713.054539,0.19258353,0.026406523,0.285151433,72.31981479,67.32163272,63.93566592,4.998182069,3.385966799,-3.216,1.130198714,6.65,1.1900000000000004,1
53,5.41,0.755245471,0.023200822,-1646.572317,0.192978973,0.02704945,0.273518245,84.9138328,72.42628428,67.14853188,12.48754852,5.277752397,-3.216,1.012381529,6.54,1.13,1
54,5.16,0.818712024,0.01951321,-1633.230774,0.193209445,0.027658891,0.270975896,71.38455454,65.97572831,64.20608727,5.408826232,1.769641041,-3.216,1.424494902,6.33,1.17,1
55,4.06,0.94500896,0.009248336,-2000.44802,0.172800259,0.023283008,0.265551184,70.26035829,64.47023156,62.41769434,5.790126731,2.052537212,-4.668,0.933300958,4.89,0.8300000000000001,1
56,4.36,0.961198227,0.007019813,-1982.03049,0.172664434,0.023618646,0.263311636,67.37074667,64.5195256,63.33879009,2.851221064,1.18073551,-4.668,1.024023353,5.45,1.0899999999999999,1
57,4.15,0.960470862,0.006431855,-2187.303479,0.172776213,0.023354788,0.290402252,76.80999374,68.62811592,65.85247985,8.181877813,2.775636071,-4.668,1.203912466,4.52,0.3699999999999992,1
61,6.13,0.722476387,0.027106937,-1511.74031,0.200015864,0.028123796,0.242276327,72.44247872,64.47601586,61.60483278,7.966462867,2.871183074,-1.54,1.143157633,7.36,1.2300000000000004,1
62,6.05,0.606707058,0.028015353,-1284.268992,0.221602973,0.033205447,0.244189611,71.24630861,62.60173694,59.64167813,8.644571668,2.960058808,-1.54,1.13602007,6.18,0.1299999999999999,1
70,6.45,0.82883586,0.018966316,-1619.233739,0.194177257,0.027938713,0.267313019,71.23092082,64.79891032,62.16742622,6.4320105,2.631484101,-1.969,1.273148433,5.91,-0.54,0
73,5.92,0.691941601,0.026084621,-1255.041489,0.212874467,0.032579059,0.24841659,74.15635954,67.27272496,64.16791166,6.88363458,3.104813309,-2.05,1.098147322,7.16,1.2400000000000002,1
74,5.38,0.753701714,0.023616905,-1236.800323,0.213143288,0.033280708,0.244493736,76.79361531,72.70764781,69.23998424,4.0859675,3.467663567,-2.05,1.019970858,5.44,0.0600000000000005,1
75,4.91,0.917060163,0.012427708,-1470.415964,0.194550857,0.029457725,0.242266828,55.95996165,61.29119103,63.35492534,-5.331229389,-2.06373431,-3.731,0.67318254,3.41,-1.5,0
76,3.69,0.716882402,0.044031976,-947.8152648,0.202157231,0.029443049,0.150171468,75.18490457,67.82192105,63.99273083,7.362983522,3.829190221,-2.344,1.310638488,4.48,0.7900000000000005,1
78,3.39,0.881289231,0.032299976,-751.0995816,0.20155438,0.031494656,0.119312457,78.44967715,67.81151288,62.78085683,10.63816427,5.03065605,-2.344,1.13817118,3.24,-0.1499999999999999,0
79,3.44,0.844388902,0.02834704,-1438.537719,0.180807462,0.023986029,0.182412702,73.95885646,66.05530752,61.98269488,7.903548935,4.072612643,-0.608,0.995597632,4.19,0.7500000000000004,1
80,2.88,0.907438271,0.021749295,-1294.93682,0.180545311,0.024776854,0.164423451,72.00771056,64.08345203,61.06994746,7.924258532,3.013504568,-0.608,1.081169834,3.48,0.6000000000000001,1
81,2.9,0.915682351,0.019321529,-1356.875044,0.180531066,0.024803338,0.172308316,79.0931004,72.83158389,68.82289884,6.261516518,4.008685044,-0.608,0.935960745,3.5,0.6000000000000001,1
82,3.22,0.923298342,0.017791238,-1369.894832,0.180483145,0.024888003,0.174008765,59.07269079,64.70220992,65.10754893,-5.629519122,-0.405339016,-0.608,0.783430668,3.16,-0.06000000000000005,0
84,3.73,0.83171517,0.024664893,-944.7667632,0.224913248,0.037122842,0.176851105,68.31478381,62.32105831,61.21813652,5.993725498,1.102921788,1.771,0.993550424,3.31,-0.41999999999999993,0
85,3.55,0.955798352,0.016834293,-939.5259918,0.182457476,0.02638667,0.117997001,82.06686497,72.13376506,66.65632292,9.933099908,5.477442148,5.83,1.085676792,3.85,0.30000000000000027,1
92,3.64,0.801767025,0.035637255,-958.9315522,0.20677496,0.030920383,0.148533336,84.02104544,74.80033956,70.14732404,9.220705873,4.653015522,1.385,1.064147316,3.39,-0.25,0
96,3.95,0.736766049,0.037633759,-812.015846,0.222991176,0.0359272,0.15328849,74.43829099,68.82021979,65.05696911,5.618071202,3.763250675,-2.111,0.831804054,4.76,0.8099999999999996,1
97,3.4,0.785142105,0.033762234,-807.2644469,0.22292936,0.036512453,0.152429225,66.0365806,63.6909136,62.60478831,2.345666999,1.086125295,-2.111,0.919520256,3.47,0.07000000000000028,1
100,3.68,0.645097471,0.045077015,-777.1662502,0.225985527,0.035576365,0.14475906,88.68880205,77.84126893,71.36340605,10.84753313,6.477862882,-2.924,1.190698058,3.61,-0.07000000000000028,0
115,5.83,0.655814983,0.030871445,-1464.15242,0.194140222,0.026839748,0.241671698,77.0550154,66.46398855,61.9798386,10.59102685,4.484149945,-4.179,1.25971684,3.96,-1.87,0
124,6.32,0.793907475,0.017670525,-1479.385457,0.206899601,0.032012411,0.301198862,88.71840726,74.8243707,67.86655807,13.89403656,6.957812631,-4.129,1.203605826,4.42,-1.9000000000000004,0
125,6.4,0.873991747,0.014918022,-1664.201088,0.189084854,0.027541027,0.282054059,68.55535501,61.50463474,58.91407364,7.05072027,2.590561105,-4.928,1.107934169,8.13,1.7300000000000004,1
126,5.88,0.637349183,0.026181996,-1336.213836,0.213451526,0.031994629,0.263680407,76.89629993,68.96612111,65.44960192,7.930178819,3.51651919,-4.928,0.966402741,7.18,1.2999999999999998,1
127,5.55,0.710242096,0.024127769,-1316.992848,0.213902583,0.032767241,0.259332039,82.29036143,73.27363204,69.19036775,9.016729391,4.083264288,-4.928,0.982207846,6.28,0.7300000000000004,1
132,5.11,0.574813321,0.033705634,-2000.186861,0.17089439,0.020490627,0.268297905,66.92619302,62.08925441,59.65365809,4.836938617,2.435596315,-4.431,1.022688685,3.52,-1.5900000000000003,0
139,6.7,0.750733758,0.02372194,-1626.398343,0.183560185,0.02559227,0.283788625,57.38075604,56.99394187,56.74877503,0.386814176,0.245166833,-4.504,0.75513395,4.54,-2.16,0
140,6.2,0.268053035,0.024467946,-1672.485444,0.183164369,0.022722225,0.292506905,66.18276044,58.87241781,55.03603466,7.310342626,3.836383154,-4.735,0.969834426,4.24,-1.96,0
141,4.48,0.806813948,0.02573725,-1811.146684,0.163578082,0.020832932,0.253777502,59.94117001,64.16534592,63.81221563,-4.224175913,0.353130291,-4.153,0.777942887,5.42,0.9399999999999995,1
150,4.68,0.510161144,0.034259955,-1438.193741,0.181572445,0.024162497,0.253676475,80.77272409,68.47776119,62.53190285,12.2949629,5.945858341,-2.245,1.218375688,3.22,-1.4599999999999995,0
160,6.16,0.769310888,0.026197113,-1077.49598,0.198379703,0.031332863,0.228542542,69.72376116,66.46570707,65.23169883,3.258054095,1.234008242,-2.296,0.880705399,7.47,1.3099999999999996,1
161,5.69,0.642396572,0.029331507,-944.9373879,0.217700574,0.035854717,0.23010238,78.97294496,70.63637072,66.53090457,8.336574238,4.105466155,-2.296,0.922630356,4.5,-1.1900000000000004,0
162,5.07,0.770106567,0.026124097,-1078.797916,0.201968133,0.031956805,0.224745756,46.3549688,57.25600907,60.3978714,-10.90104028,-3.141862333,-0.645,0.532682832,6.13,1.0599999999999996,1
163,4.94,0.824459263,0.022501857,-1060.410152,0.202000926,0.032649741,0.220863463,72.51782681,65.00792102,62.03369355,7.50990579,2.974227478,-0.645,0.916805478,4.63,-0.3100000000000005,0
164,3.54,0.972603579,0.006950485,-1075.993668,0.18287456,0.029835077,0.188287793,58.4617012,62.67618138,64.25445156,-4.214480178,-1.578270185,-0.058,0.756510264,4.43,0.8899999999999997,1
165,3.18,0.98670208,0.003910342,-1024.390904,0.181821769,0.030663537,0.1802667,78.89493975,72.12500941,68.10130875,6.769930337,4.023700664,-0.058,1.153210752,3.42,0.23999999999999977,1
169,4.41,0.707481061,0.03518047,-1201.202644,0.189870549,0.027011483,0.202530706,68.20090141,62.93517459,61.2372646,5.265726818,1.697909989,2.638,1.075219545,5.35,0.9399999999999995,1
170,4.15,0.776395812,0.031436722,-1164.531543,0.190002669,0.027639827,0.196193282,79.72244032,70.65394853,66.80246717,9.068491796,3.85148136,2.638,0.967838446,5.01,0.8599999999999994,1
171,3.73,0.835438238,0.027145335,-1113.791991,0.189978412,0.028297861,0.187646,60.88673897,58.7760902,58.27946126,2.110648772,0.496628941,2.638,0.855433506,4.29,0.56,1
173,4.9,0.539001338,0.035709558,-1047.1236,0.209253399,0.031233711,0.210549512,81.22466476,68.84162803,62.49207632,12.38303673,6.349551709,4.661,1.12966589,5.91,1.0099999999999998,1
174,4.7,0.63247327,0.036765581,-962.5629042,0.209875077,0.032302929,0.192929349,80.78787665,70.37439525,66.04363723,10.41348141,4.330758021,4.661,1.239339264,5.58,0.8799999999999999,1
185,5.51,0.995366558,0.002581834,-7023.490895,0.07558748,0.004969126,0.266377507,61.7794627,64.90687334,67.20869203,-3.127410635,-2.301818691,-8.113,0.901257714,5.13,-0.3799999999999999,0
186,5.23,0.615880891,0.038112449,-1236.691559,0.174020766,0.023962545,0.227315827,71.7326304,67.64518848,63.17335629,4.087441921,4.471832197,-9.542,0.813903748,3.62,-1.6100000000000003,0
188,3.37,0.944014316,0.012703675,-1490.205628,0.155507154,0.021338815,0.219372561,57.33669029,65.26334297,69.33360072,-7.926652683,-4.070257749,-7.807,0.635354512,4.08,0.71,1
196,4.92,0.996600513,0.005026227,-2784.683825,0.077569052,0.005476192,0.102832936,66.43780369,61.52636301,59.92778004,4.911440686,1.598582972,0.452,1.049048018,6.08,1.1600000000000001,1
197,4.86,0.635760407,0.036050677,-978.2573079,0.192381872,0.029394762,0.21365598,83.11645899,76.08407259,71.58608764,7.032386406,4.49798495,0.452,0.971696011,5.37,0.5099999999999998,1
198,4.64,0.819675162,0.029532549,-1087.114695,0.175984954,0.025957832,0.197478011,76.9443593,69.60597991,66.26718542,7.338379391,3.338794485,1.264,0.991574109,3.47,-1.1699999999999995,0
199,3.7,0.72940697,0.039383804,-1035.221846,0.179213196,0.025832077,0.184638604,66.57297774,63.90352942,62.16460482,2.669448319,1.7389246,3.069,0.969799278,3.51,-0.1900000000000004,0
200,3.04,0.850998072,0.037423262,-1063.799469,0.160256738,0.021577591,0.151815175,66.00521125,61.48510992,59.98762793,4.520101331,1.497481989,2.428,0.967623248,2.11,-0.9300000000000002,0
203,4.85,0.548237118,0.043608628,-1125.428473,0.175748983,0.024036093,0.204778444,76.04851567,64.83274634,58.96148979,11.21576933,5.871256546,0.476,0.978534254,5.93,1.08,1
204,5.06,0.593189079,0.035394616,-1030.372317,0.192607319,0.028979542,0.224820892,63.15140785,62.56029864,60.26920904,0.591109207,2.291089604,0.476,0.879754395,4.41,-0.6499999999999995,0
209,4.23,0.788647777,0.028422974,-946.9319932,0.194822494,0.031281966,0.204158385,80.90613903,72.85401552,69.55064368,8.052123503,3.303371848,0.545,1.137004222,5.11,0.8799999999999999,1
210,4.43,0.810169083,0.025276065,-995.0083383,0.194821326,0.031395833,0.214558882,74.57287128,66.55897636,62.78186164,8.013894918,3.777114723,0.545,0.984754156,5.38,0.9500000000000002,1
211,4.17,0.861802262,0.021172915,-961.265618,0.194708893,0.032159373,0.207360321,86.30520789,78.72365526,73.9453011,7.581552633,4.778354156,0.545,1.015242641,4.27,0.09999999999999964,1
212,4.33,0.949578295,0.011706941,-1062.590475,0.177058494,0.028060704,0.191790568,80.38137544,75.19822616,71.10062072,5.183149279,4.097605437,0.859,0.9272423,2.95,-1.38,0
213,3.49,0.654778834,0.047797549,-954.7018047,0.183795616,0.026172457,0.165979578,86.32704692,74.78782334,68.96908403,11.53922358,5.818739314,1.102,1.096820492,3.95,0.45999999999999996,1
220,4.83,0.801130015,0.027904418,-1221.538497,0.182049036,0.026497648,0.214565213,71.16357486,64.48456195,61.70279576,6.679012915,2.781766189,1.776,1.324965113,5.9,1.0700000000000003,1
221,4.68,0.626761698,0.036169313,-984.1460402,0.202611076,0.031001398,0.204058682,74.09006054,69.04237043,66.42325337,5.047690109,2.619117062,1.776,1.03250958,5.78,1.1000000000000005,1
222,4.5,0.699400918,0.033412353,-975.5911165,0.202875174,0.03169315,0.202000262,73.8205833,67.553735,65.39354088,6.266848303,2.160194115,1.776,0.991523365,4.1,-0.40000000000000036,0
224,2.67,0.98976887,0.004468789,-1013.051531,0.163345719,0.024702048,0.141508307,68.17713578,65.99123245,67.44863806,2.185903331,-1.457405617,3.227,0.804440396,1.81,-0.8599999999999999,0
231,2.37,0.924178756,0.032464697,-755.1243687,0.174064609,0.024783737,0.098792687,69.78747327,64.07054252,61.79206636,5.716930746,2.278476164,3.941,1.113968081,2.85,0.48,1
232,2.1,0.939665649,0.027138741,-755.2897182,0.173837106,0.025007773,0.098937057,75.43346625,72.36520334,69.29493098,3.068262917,3.070272358,3.941,1.066429733,2.56,0.45999999999999996,1
233,2.49,0.961800142,0.019581133,-723.1924947,0.173294215,0.025462559,0.09498351,70.00274725,70.21171997,69.1401782,-0.208972721,1.071541779,3.941,0.942066858,2.61,0.11999999999999966,1
235,3.47,0.74873069,0.046403487,-648.3199149,0.218260485,0.03572147,0.124158738,72.57310047,69.02942098,66.88297559,3.543679486,2.146445393,2.903,1.110769923,2.41,-1.06,0
238,3.99,0.79707655,0.043910162,-1109.301553,0.172420699,0.022854069,0.146924751,85.09325527,76.38660545,71.35923801,8.706649824,5.027367435,0.136,1.159382058,4.34,0.34999999999999964,1
243,5.19,0.032691863,0.037379028,-2719.559299,0.084535605,0.004966948,0.092113902,73.34838185,63.71611603,60.14803819,9.632265821,3.568077835,-0.68,1.01650561,4.04,-1.1500000000000004,0
255,4.95,0.697291416,0.038765457,-1111.39899,0.181436569,0.025813167,0.195589761,69.26064921,63.19446468,60.22269261,6.066184535,2.971772073,-6.137,1.192892671,6.01,1.0599999999999996,1
256,4.75,0.634517772,0.036415445,-971.8795612,0.20006845,0.030678404,0.203779968,74.34886222,66.75954123,63.04093342,7.58932099,3.718607811,-6.137,0.876023218,5.89,1.1399999999999997,1
257,4.69,0.71068053,0.033424846,-959.0754383,0.200327358,0.031413475,0.200798892,84.16946278,77.36522722,73.01410651,6.804235555,4.351120714,-6.137,1.030841462,4.89,0.1999999999999993,1
258,3.78,0.756107441,0.03587671,-1076.033887,0.182954758,0.026541364,0.187745071,58.42638079,56.62249471,54.87349967,1.803886087,1.748995035,-5.249,0.743655658,4.58,0.8000000000000003,1
259,3.97,0.81272539,0.031142415,-1059.172443,0.18296289,0.027060325,0.184764991,76.76881692,68.04788464,63.27173468,8.720932281,4.776149956,-5.249,0.90492538,4.77,0.7999999999999994,1
260,3.61,0.850951382,0.026546976,-1068.504654,0.182904478,0.027424316,0.186448436,68.48854145,66.15875516,64.27889574,2.329786292,1.87985942,-5.249,0.835241999,2.48,-1.13,0
261,3.06,0.984393688,0.005822657,-1122.702973,0.161943227,0.023957945,0.158293626,67.49517645,65.7700499,65.1300513,1.725126549,0.639998603,-3.716,0.877003183,2.14,-0.9199999999999999,0
269,5.97,0.183357684,0.072356571,-5102.551288,0.080449951,0.004741991,0.181753945,60.58886582,57.28017199,55.37585117,3.308693839,1.904320812,-0.867,0.828221712,7.18,1.21,1
270,5.95,0.60869138,0.028984814,-987.0981052,0.211790928,0.03433087,0.246443436,65.5134253,66.9597035,65.86022847,-1.446278197,1.099475028,-0.867,0.834497496,6.03,0.08000000000000007,1
282,5.88,0.675442124,0.030807495,-1432.880089,0.168349385,0.023113552,0.271880943,75.18026091,66.11742175,62.41570999,9.062839163,3.701711762,-8.531,0.930082658,7.18,1.2999999999999998,1
283,5.92,0.60972181,0.028890771,-1243.772716,0.18604074,0.027507166,0.280574001,77.69573678,70.38243626,65.87953881,7.313300528,4.502897446,-8.531,0.998403221,7.11,1.1900000000000004,1
284,5.27,0.680652055,0.027858919,-1197.132883,0.186557748,0.028229687,0.269226095,69.41341601,66.52362282,64.67170505,2.889793195,1.851917771,-8.531,0.983670485,5.14,-0.1299999999999999,0
286,3.76,0.818858738,0.043403954,-1045.412366,0.150276699,0.01995727,0.158712429,73.0757804,64.81690276,61.08631903,8.258877641,3.730583728,-5.379,1.242275735,3.76,0.0,0
287,5.45,0.854925889,0.051326434,-6094.3877,0.075025798,0.00468991,0.23276277,74.07479676,71.04691291,67.56716888,3.027883847,3.479744031,-5.14,0.943371277,6.66,1.21,1
288,5.39,0.613627931,0.031709975,-900.8203744,0.200317641,0.032630861,0.237401026,70.1183879,67.5316545,65.48365631,2.586733399,2.047998191,-5.14,0.868729453,5.26,-0.1299999999999999,0
289,5.22,0.863623171,0.018329849,-1096.738308,0.186062804,0.030260432,0.24710723,52.41818683,58.47914711,62.69697333,-6.06096028,-4.217826222,-5.571,0.402509461,5.7,0.4800000000000004,1
290,4.78,0.915931909,0.016077169,-1158.073722,0.16966517,0.025933293,0.217708669,75.87300012,69.2897868,66.6803446,6.583213316,2.609442199,-5.032,1.130245733,5.78,1.0,1
291,5.14,0.601421448,0.035491227,-1024.501445,0.191589523,0.028894521,0.224145468,75.99786278,67.87439884,64.22125889,8.123463938,3.653139956,-5.032,1.145882594,4.15,-0.9899999999999993,0
299,5.99,0.630287216,0.027766726,-1269.621313,0.181471167,0.026837005,0.293673916,72.771492,66.98232138,64.08720509,5.789170611,2.89511629,-0.618,1.139077093,7.26,1.2699999999999996,1
301,5.21,0.294680142,0.043525404,-1380.967976,0.147025321,0.016991234,0.214725972,47.94197858,48.89754826,47.90995828,-0.955569679,0.987589982,-0.993,0.373667105,6.31,1.0999999999999996,1
302,4.98,0.629439313,0.034877447,-1334.008078,0.163100133,0.022235715,0.261233578,62.17516632,58.34028968,55.67927424,3.834876645,2.661015433,-0.993,0.915983629,6.36,1.38,1
303,4.84,0.690258996,0.032492377,-1332.413291,0.163371611,0.022614809,0.260468807,71.31356676,65.74224552,61.80550379,5.571321248,3.936741722,-0.993,1.047940941,7.08,2.24,1
304,4.86,0.768169283,0.026599627,-1397.777897,0.163592231,0.02302323,0.272910805,78.00686608,73.26941577,68.91780915,4.737450308,4.351606624,-0.993,1.077022839,7.15,2.29,1
305,5.19,0.794176898,0.022388823,-1541.424406,0.16355666,0.022946905,0.301136296,73.53791923,72.26783126,69.49944808,1.270087977,2.768383177,-0.993,1.050535112,6.78,1.5899999999999999,1
306,5.07,0.856347012,0.018042487,-1511.498918,0.163767468,0.023552786,0.294861033,81.98386226,74.72029675,71.38668275,7.263565511,3.333614002,-0.993,0.992947655,6.13,1.0599999999999996,1
307,5.01,0.896990834,0.014424803,-1488.230949,0.163818225,0.024048138,0.290192157,78.52225356,72.11675915,67.64482862,6.405494413,4.471930532,-0.993,0.990611122,5.24,0.23000000000000043,1
314,4.29,0.768175923,0.031323638,-1194.097133,0.170287297,0.024437841,0.223763517,51.29073782,58.21058326,59.63690515,-6.91984544,-1.426321895,-0.663,0.611747681,2.99,-1.2999999999999998,0
315,3.37,0.645173238,0.048992742,-1314.382571,0.152099786,0.019023295,0.197426653,33.85697513,41.46292282,44.15499138,-7.605947696,-2.692068554,-1.543,0.069905691,4.14,0.7699999999999996,1
316,3.65,0.729849289,0.044907173,-1270.381719,0.152302387,0.019479362,0.190514847,72.75099026,64.13154786,59.81286789,8.619442398,4.318679964,-1.543,0.97490707,4.4,0.7500000000000004,1
317,3.29,0.776513864,0.038876175,-1321.143942,0.152349264,0.019665533,0.198092972,80.53462786,70.48253708,65.179161,10.05209078,5.303376083,-1.543,1.025328748,3.98,0.69,1
318,3.34,0.822649505,0.034213212,-1302.559691,0.152381101,0.019964116,0.195239949,73.73183584,65.79390001,62.61851072,7.937935833,3.175389283,-1.543,0.874033378,4.04,0.7000000000000002,1
319,3.41,0.885724454,0.027435606,-1202.658663,0.152288456,0.02054985,0.180280918,81.83439539,71.33135733,66.2073436,10.50303806,5.124013732,-1.543,0.944661845,4.19,0.7800000000000002,1
320,3.06,0.925924374,0.020331497,-1171.798046,0.152084053,0.020989174,0.175847684,82.85559772,75.37510199,70.18997982,7.480495726,5.185122174,-1.543,1.023844559,2.76,-0.30000000000000027,0
323,4.79,0.755251701,0.029370015,-999.3974274,0.193196071,0.030518273,0.216734264,67.5939536,66.7738349,64.44273727,0.820118706,2.33109763,0.371,0.944220774,4.51,-0.28000000000000025,0
324,4.89,0.772308769,0.032471927,-1142.350953,0.176393215,0.025521088,0.206564333,61.9244939,58.39034572,56.13359065,3.534148177,2.256755066,3.035,0.825709617,5.89,1.0,1
325,5.28,0.598372425,0.034587901,-1053.348631,0.195637042,0.029464108,0.225699289,72.24822143,67.05452383,63.57674439,5.193697602,3.477779443,3.035,0.961904752,3.65,-1.6300000000000003,0
327,3.82,0.735429916,0.043573365,-1295.727611,0.158579431,0.020342176,0.186603939,73.48587714,65.99039041,62.93212225,7.495486732,3.058268154,5.264,1.039461873,4.61,0.7900000000000005,1
328,3.27,0.782799917,0.03940684,-1283.641492,0.158632973,0.020622317,0.184780808,65.18821425,65.56540407,63.89038437,-0.377189818,1.675019699,5.264,0.830193726,3.95,0.6800000000000002,1
329,3.34,0.853434295,0.033298009,-1182.658913,0.158597812,0.021213489,0.170187092,76.9726053,67.68310711,63.69047316,9.289498185,3.992633953,5.264,0.897817932,4.02,0.6799999999999997,1
330,2.82,0.93154918,0.022285177,-1009.892163,0.158109658,0.02217668,0.145599459,80.48597528,69.79271953,65.07624621,10.69325576,4.716473317,5.264,1.014209656,3.1,0.28000000000000025,1
333,5.75,0.64846605,0.031935598,-1430.069782,0.178103304,0.024437577,0.256428715,90.60191028,86.41869013,83.34607544,4.183220152,3.072614691,5.078,1.474159443,3.68,-2.07,0
334,4.03,0.088694105,0.018377336,-1091.704706,0.174186104,0.021020501,0.199842899,68.00142092,62.05566051,59.27189768,5.945760415,2.783762826,3.278,1.003195241,2.81,-1.2200000000000002,0
340,5.3,-0.537686686,0.057188542,-1206.274,0.154090772,-0.021949208,0.180811001,75.98978312,69.29632796,67.05206579,6.693455159,2.244262175,0.766,1.156992631,3.64,-1.6599999999999997,0
343,4.26,0.993629056,0.002457397,-856.437603,0.170698876,0.029877403,0.159244372,78.85976887,68.22408515,64.69882666,10.63568372,3.525258494,-0.184,1.140578891,5.13,0.8700000000000001,1
344,3.96,0.999902379,7.28e-05,-595.5904125,0.16253749,0.03313271,0.115591863,84.47562383,74.55220246,69.24107157,9.923421371,5.311130892,-0.184,1.087712377,4.77,0.8099999999999996,1
345,3.27,0.996813269,0.00104343,-12058.7061,0.077840054,0.004796701,0.444054208,66.89144773,62.97961841,61.66589015,3.911829316,1.313728263,-1.081,0.911548875,3.46,0.18999999999999995,1
351,3.71,0.519265797,0.070420183,-988.7275842,0.1641354,0.020473578,0.137170332,75.18254054,67.26098059,64.36532567,7.92155995,2.895654927,2.288,1.2444337,2.55,-1.1600000000000001,0
353,2.48,-0.402312259,0.060205208,-1109.885453,0.163828993,-0.022430944,0.156588544,70.4880193,65.42716195,63.69203244,5.060857359,1.735129505,4.291,1.129457002,2.53,0.04999999999999982,1
356,4.63,0.805324661,0.043151818,-3100.948622,0.116209883,0.010406173,0.215934475,74.14274942,69.66015907,68.27847468,4.482590347,1.38168439,0.504,0.924088419,5.63,1.0,1
357,4.55,0.655517243,0.038997945,-892.4404528,0.203261448,0.031597493,0.183477993,85.94300798,78.20487602,75.18474863,7.738131956,3.020127395,0.504,1.036167377,5.59,1.04,1
358,4.12,0.714778517,0.036627632,-874.1090092,0.203405434,0.032208642,0.179518449,78.45884758,76.17213343,74.41129372,2.28671415,1.760839716,0.504,0.914392608,5.07,0.9500000000000002,1
360,4.37,0.862887133,0.027315813,-751.1253281,0.203051821,0.034302287,0.154194888,88.38869856,79.30830202,74.89548772,9.080396543,4.412814295,0.504,1.034217636,4.47,0.09999999999999964,1
362,2.5,0.994642276,0.004715154,-550.6340688,0.161868588,0.025736214,0.076719943,75.38356401,67.96800016,63.27778991,7.415563854,4.690210245,0.93,1.009617588,1.69,-0.81,0
370,6.57,-0.507100376,0.048220248,-780.7653047,0.199891009,-0.034444458,0.16641103,88.36646451,80.37021076,75.05220282,7.996253749,5.318007933,-1.292,1.032086444,7.12,0.5499999999999998,1
374,5.16,0.699690829,0.032476097,-1320.538155,0.186404383,0.026220532,0.225847455,86.6444723,75.35583875,69.07541488,11.28863355,6.280423867,-0.601,1.254856501,3.1,-2.06,0
381,3.83,0.722531146,0.046728364,-1903.879628,0.136493314,0.014899123,0.20708256,73.26992,66.90028783,63.7257989,6.369632172,3.174488931,-4.139,1.034676343,2.67,-1.1600000000000001,0
382,3.88,0.814298497,0.041849863,-603.4786287,0.194516771,0.032517786,0.129059624,89.01483618,78.02832997,72.10527592,10.98650621,5.923054058,-4.321,1.076611077,3.34,-0.54,0
387,2.34,0.982472056,0.01117672,-470.6775031,0.171436385,0.029798244,0.086409703,80.43855946,70.26470907,64.90241289,10.17385039,5.362296189,-2.022,1.245783149,2.17,-0.16999999999999993,0
389,3.05,0.808179864,0.039527045,-650.7378423,0.19255053,0.031958061,0.140753027,57.8715824,60.55079422,62.09850997,-2.679211823,-1.547715751,-2.792,0.731388672,3.73,0.6800000000000002,1
390,3.17,0.877173701,0.031722236,-601.1142336,0.192048146,0.033006754,0.130173515,86.71830484,74.11380777,68.25790193,12.60449707,5.855905839,-2.792,0.981952334,2.86,-0.31000000000000005,0
394,2.37,0.705553003,0.067715503,-886.5828919,0.160296404,0.020914083,0.125811607,73.04341537,64.95215043,62.37984979,8.091264942,2.572300644,0.129,1.171006692,1.61,-0.76,0
397,2.24,0.746350801,0.088447857,-455.5650143,0.184666674,0.027935064,0.077689245,72.67474546,64.88431216,61.67014306,7.790433302,3.214169094,2.179,1.024723358,2.72,0.48,1
398,2.21,0.817186294,0.072037024,-461.1690465,0.184399907,0.028534378,0.078745713,87.88182194,78.89538288,73.27380838,8.986439067,5.621574498,2.179,1.20469918,1.76,-0.44999999999999996,0
403,1.62,0.600439807,0.095047189,-712.2202314,0.163595505,0.02107082,0.098811713,80.18026362,67.65328065,62.70654356,12.52698298,4.946737083,2.601,1.202146791,1.96,0.33999999999999986,1
404,2.09,0.661729553,0.085767012,-745.8092519,0.163633841,0.021322091,0.10348553,82.57669726,73.16008191,68.06280849,9.416615347,5.09727342,2.601,0.994915686,2.61,0.52,1
405,2.02,0.752562593,0.077527454,-711.6469519,0.163601878,0.021839526,0.098688113,74.80888182,66.40817036,64.00637773,8.400711462,2.401792634,2.601,1.167050067,2.52,0.5,1
406,2.53,0.82435438,0.065837484,-683.4210774,0.163438322,0.022320328,0.094799691,82.99616181,75.37074268,71.41435357,7.625419137,3.95638911,2.601,0.994562857,2.68,0.15000000000000036,1
407,3.72,0.982922682,0.011843119,-4884.2317,0.081820941,0.005477119,0.170927077,71.07737023,68.48803989,67.03213703,2.589330341,1.455902854,1.555,0.915507548,4.55,0.8299999999999996,1
408,3.64,0.665791804,0.047070874,-1339.753172,0.165951276,0.020959621,0.184178048,83.06219584,75.56607829,72.02046889,7.496117551,3.545609402,1.555,1.306170433,4.4,0.7600000000000002,1
409,3.16,0.730271053,0.043496885,-1313.365551,0.166084386,0.02133027,0.180366289,73.396367,68.16626838,65.24867228,5.230098621,2.917596096,1.555,1.011889414,2.21,-0.9500000000000002,0
410,3.37,0.56454406,0.083548548,-2315.313637,0.117234362,0.01030849,0.159689647,74.55468008,70.09599961,66.96821618,4.458680465,3.127783426,2.905,0.879275117,4.12,0.75,1
411,3.51,0.626077859,0.052423814,-687.5587798,0.203346224,0.031898056,0.140916113,83.1242869,72.79395001,68.90667772,10.33033689,3.887272293,2.905,1.206742405,3.31,-0.19999999999999973,0
416,4.82,0.722274207,0.034470367,-1200.752578,0.187958768,0.026836242,0.203513453,77.92346134,69.65680245,66.01112854,8.266658887,3.645673911,1.081,1.1313649,5.79,0.9699999999999998,1
417,4.73,0.596772748,0.037912697,-966.3739901,0.207566776,0.031630176,0.194684863,68.71201689,66.85273659,64.83792583,1.859280308,2.014810756,1.081,0.883802461,5.73,1.0,1
418,4.15,0.691472117,0.035756717,-928.5448355,0.207942381,0.032610457,0.186616514,77.22496328,70.75366395,68.08127094,6.471299328,2.672393011,1.081,0.988537706,5.01,0.8599999999999994,1
419,3.94,0.749128664,0.035023927,-855.9978252,0.208040458,0.033398572,0.17179063,58.4650886,62.3635066,62.59018406,-3.898417998,-0.226677466,1.081,0.764826234,2.74,-1.1999999999999997,0
420,3.82,0.931130328,0.017114253,-942.5651765,0.189107268,0.029936125,0.158344301,79.17247384,71.95424878,67.42091609,7.218225056,4.533332685,1.08,1.059488432,2.66,-1.1599999999999997,0
421,2.98,0.953892754,0.019113318,-864.4738914,0.168733602,0.024376008,0.116342404,55.72378109,56.34628271,54.08227384,-0.622501621,2.264008867,2.802,0.695668677,3.64,0.6600000000000001,1
422,3.01,0.972973156,0.012521807,-846.8928428,0.168152195,0.024841821,0.114322512,73.28800759,65.19474265,60.42215244,8.093264942,4.772590208,2.802,0.874670955,2.01,-1.0,0
423,4.16,0.972973156,0.012521807,-846.8928428,0.168152195,0.024841821,0.114322512,73.64534148,69.24815413,66.8376672,4.397187349,2.410486934,4.461,1.462453472,5.12,0.96,1
424,3.87,0.687186033,0.046368734,-724.6722797,0.210073615,0.033475396,0.143773347,80.68848349,75.85949629,73.15854347,4.828987205,2.700952815,4.461,1.002948942,2.55,-1.3200000000000003,0
432,4.17,0.63931414,0.051200055,-1948.858746,0.148278081,0.015996129,0.195091213,27.77751894,44.42433729,49.44674536,-16.64681835,-5.022408068,0.47,-0.074820738,2.82,-1.35,0
433,3.43,0.566137712,0.092530834,-536.0346129,0.192207587,0.027637812,0.088080505,72.19491337,63.99631622,60.62589451,8.198597145,3.370421713,1.84,1.085196743,2.32,-1.1100000000000003,0
