index,delta,gamma,theta,vega,rho,iv,rsi_10,rsi_20,rsi_30,dff1,dff2,sma_10,percentb,clopen,op_current,cl_current,win_loss
0,-0.991758,0.005511,-5860.730151,0.095114,-0.007463,0.176746,35.120441,38.060819,39.762192,-2.940378,-1.701373,-29.656,0.049824,1.011845,1.007635,1.019570,0.0
1,-0.513022,0.048100,-1028.347003,0.211718,-0.033219,0.155842,26.729942,29.944895,32.426661,-3.214953,-2.481766,-30.680,0.140587,0.996355,1.007742,1.004069,1.0
2,-0.926913,0.016809,-1439.604147,0.184101,-0.029645,0.179503,26.534095,36.548856,39.936665,-10.014761,-3.387809,-4.702,-0.013059,1.003730,1.007675,1.011433,1.0
3,-0.531761,0.042353,-1625.431307,0.183032,-0.026306,0.203837,27.410070,33.939750,37.468319,-6.529680,-3.528568,-4.702,-0.051685,1.003730,1.011246,1.015018,1.0
4,-0.500449,0.039213,-1758.140831,0.182188,-0.026200,0.221494,15.061655,25.071414,30.685297,-10.009759,-5.613884,-4.702,-0.033570,1.003730,1.014196,1.017978,0.0
5,-0.913916,0.021513,-10124.012540,0.088968,-0.007115,0.326390,34.441370,42.195613,42.878466,-7.754243,-0.682853,-4.743,0.253637,1.015724,1.007853,1.023700,1.0
6,-0.530306,0.019607,-1504.431129,0.231840,-0.046992,0.344825,26.663286,33.818122,37.282744,-7.154836,-3.464622,-4.743,-0.089009,1.015724,1.014708,1.030662,1.0
7,-0.516782,0.018653,-1580.694675,0.229963,-0.046844,0.365255,31.989835,35.658297,37.453043,-3.668461,-1.794746,-4.743,0.049983,1.015724,1.020495,1.036541,0.0
8,-0.179708,0.016243,-1938.947742,0.196760,-0.030123,0.316080,24.673127,33.227246,36.714442,-8.554120,-3.487195,-5.621,-0.260818,0.985573,1.010522,0.995943,1.0
9,-0.554963,0.023078,-1605.764390,0.219119,-0.040712,0.309021,22.549371,29.680473,32.944264,-7.131102,-3.263792,-5.621,-0.011157,0.985573,1.019802,1.005089,1.0
10,-0.534847,0.022774,-1634.142950,0.217709,-0.040356,0.316515,38.286501,36.758261,36.985338,1.528240,-0.227077,-5.621,0.221078,0.985573,1.024948,1.010160,1.0
11,-0.369265,0.024275,-1898.975532,0.199432,-0.032164,0.305426,26.569624,29.942950,34.003511,-3.373326,-4.060561,-5.729,0.107505,0.988313,1.008359,0.996574,1.0
12,-0.418954,0.025018,-1912.580286,0.199023,-0.032550,0.308246,29.064208,30.719319,32.818076,-1.655111,-2.098758,-5.729,0.033517,0.988313,1.012971,1.001132,1.0
13,-0.480584,0.026010,-1882.731353,0.198572,-0.032926,0.304127,26.855724,31.322950,33.354469,-4.467226,-2.031519,-5.729,0.109718,0.988313,1.018689,1.006783,0.0
14,-0.501368,0.033171,-2072.792590,0.177936,-0.026100,0.267361,36.656856,45.527788,47.389503,-8.870932,-1.861714,-6.741,0.315870,0.995774,1.007655,1.003397,0.0
15,-0.315041,0.043983,-1391.116755,0.185299,-0.025040,0.172326,16.794412,25.254820,30.334548,-8.460408,-5.079728,-1.835,0.025861,1.013608,1.007638,1.021349,1.0
16,-0.887731,0.027322,-1216.233084,0.186150,-0.028937,0.149992,31.596876,38.572911,40.872059,-6.976035,-2.299148,4.063,0.044430,0.998800,1.007864,1.006654,1.0
17,-0.505922,0.045107,-1530.848570,0.184959,-0.026278,0.189980,13.788669,23.819715,29.345498,-10.031046,-5.525783,4.063,-0.134227,0.998800,1.011444,1.010230,1.0
18,-0.523862,0.039951,-1724.313150,0.184204,-0.026553,0.214857,21.278716,23.600926,26.881693,-2.322211,-3.280766,4.063,-0.020117,0.998800,1.014844,1.013626,1.0
19,-0.517891,0.036266,-1898.369032,0.183153,-0.026626,0.237895,15.187220,18.576062,21.938325,-3.388842,-3.362263,4.063,-0.012868,0.998800,1.019261,1.018037,1.0
20,-0.510563,0.033364,-2061.697796,0.182108,-0.026681,0.259839,23.698424,34.305949,37.580736,-10.607525,-3.274786,4.063,-0.089882,0.998800,1.023549,1.022320,0.0
21,-0.594077,0.066596,-8047.330589,0.090776,-0.006683,0.254275,32.478427,38.873697,40.926626,-6.395270,-2.052929,4.224,-0.016088,0.999002,1.007610,1.006605,0.0
22,-0.741174,0.031446,-974.360724,0.225128,-0.041861,0.182554,37.251924,35.365114,34.884019,1.886811,0.481095,-1.774,0.182839,1.006854,1.007747,1.014654,1.0
23,-0.528285,0.033529,-1117.975226,0.223017,-0.039427,0.211419,30.096515,34.156538,35.277144,-4.060023,-1.120606,-1.774,-0.151664,1.006854,1.012740,1.019681,1.0
24,-0.601686,0.036456,-1313.448165,0.202168,-0.033163,0.208423,19.054956,28.195190,32.846647,-9.140234,-4.651458,-1.760,-0.412368,0.998469,1.008316,1.006772,1.0
25,-0.529396,0.037385,-1317.828917,0.200833,-0.032379,0.210506,35.996296,38.923028,40.126064,-2.926732,-1.203036,-1.760,0.026591,0.998469,1.013100,1.011549,0.0
26,-0.686429,0.087278,-5639.526021,0.089394,-0.006450,0.180955,28.472810,34.157578,36.842784,-5.684768,-2.685206,-2.029,-0.024886,1.004186,1.007972,1.012191,1.0
27,-0.528435,0.029136,-1284.047354,0.216894,-0.038982,0.249661,13.065383,24.267617,29.623308,-11.202234,-5.355691,-2.029,-0.073138,1.004186,1.013191,1.017432,0.0
28,-0.427416,0.033314,-1451.024242,0.197956,-0.031449,0.235138,25.127808,32.847837,38.257472,-7.720029,-5.409635,-2.401,-0.089433,0.992583,1.011227,1.003727,1.0
29,-0.516193,0.029511,-1269.351356,0.214991,-0.038500,0.248989,42.216593,41.047556,40.753135,1.169038,0.294420,-2.401,0.211437,0.992583,1.022589,1.015004,1.0
30,-0.592921,0.028614,-1278.209855,0.220358,-0.040232,0.244624,23.939616,34.179844,38.965640,-10.240228,-4.785796,-4.081,-0.114150,1.001721,1.007652,1.009386,1.0
31,-0.542007,0.027006,-1380.552987,0.218520,-0.039708,0.266422,23.637129,29.564560,33.459057,-5.927431,-3.894497,-4.081,0.053075,1.001721,1.013250,1.014994,1.0
32,-0.418437,0.030624,-1569.341798,0.202049,-0.032218,0.249155,34.335978,37.016894,39.837447,-2.680915,-2.820553,-1.287,0.162279,0.993522,1.007601,1.001074,1.0
33,-0.481128,0.031029,-1584.086575,0.201595,-0.032691,0.252062,23.909481,28.845983,32.456859,-4.936502,-3.610876,-1.287,0.108920,0.993522,1.012264,1.005707,0.0
34,-0.684939,0.033204,-1856.308983,0.178618,-0.027008,0.238534,34.112859,38.741328,39.347074,-4.628469,-0.605746,-1.725,-0.038331,1.008028,1.008328,1.016423,0.0
35,-0.602510,0.068751,-7755.279351,0.088506,-0.006514,0.251333,40.097024,38.312685,39.482049,1.784339,-1.169364,-1.910,0.204988,1.001367,1.011911,1.013294,1.0
36,-0.546949,0.024643,-1198.780506,0.232499,-0.045909,0.274014,29.468600,34.029894,36.773668,-4.561294,-2.743773,-1.910,0.027626,1.001367,1.018418,1.019810,1.0
37,-0.543633,0.024894,-1187.707961,0.230915,-0.045538,0.273345,36.718338,38.563022,40.138856,-1.844685,-1.575834,-1.910,0.075930,1.001367,1.025301,1.026703,1.0
38,-0.579279,0.026062,-1410.917726,0.211794,-0.039135,0.280924,42.122268,43.144700,43.244776,-1.022432,-0.100076,-1.578,0.378016,0.998643,1.007919,1.006551,0.0
39,-0.578859,0.043256,-1567.087520,0.176968,-0.025697,0.203255,37.126173,41.138081,43.490800,-4.011908,-2.352719,-0.786,0.057134,0.992744,1.008234,1.000917,0.0
40,-0.922819,0.035299,-5710.738335,0.087288,-0.006586,0.187661,19.930883,29.018156,32.457329,-9.087273,-3.439173,0.264,-0.173425,0.996560,1.008204,1.004736,0.0
41,-0.027206,0.014548,-5885.054471,0.090414,-0.005898,0.186718,28.326550,33.058964,35.393818,-4.732414,-2.334854,0.309,0.065607,0.999438,1.008114,1.007548,0.0
42,0.955798,0.016834,-939.525992,0.182457,0.026387,0.117997,25.002696,29.767913,32.550754,-4.765217,-2.782840,7.153,-0.058515,1.002063,1.007657,1.009735,1.0
43,-0.587305,0.055227,-876.411137,0.211985,-0.033545,0.132756,23.695775,29.044749,32.637501,-5.348974,-3.592752,7.429,0.033984,1.001703,1.007835,1.009552,1.0
44,-0.746839,0.064546,-863.538604,0.187757,-0.027246,0.105680,33.228431,38.766737,39.965487,-5.538305,-1.198751,5.846,0.064006,0.996866,1.007606,1.004448,0.0
45,-0.746839,0.064546,-863.538604,0.187757,-0.027246,0.105680,28.102230,36.010692,39.015166,-7.908463,-3.004474,1.897,-0.195158,1.002546,1.007808,1.010374,1.0
46,-0.503516,0.053171,-708.281785,0.230146,-0.039047,0.129942,28.566553,32.658702,34.675393,-4.092150,-2.016691,1.897,-0.010446,1.002546,1.010647,1.013220,1.0
47,-0.805441,0.040658,-844.877784,0.207198,-0.034904,0.130951,21.014223,30.416801,35.103239,-9.402577,-4.686438,2.081,-0.074028,1.008091,1.007601,1.015753,0.0
48,-0.803611,0.143874,-2683.153281,0.092158,-0.006487,0.083540,28.754849,37.661380,41.237675,-8.906531,-3.576295,0.100,0.002708,1.006499,1.007568,1.014116,1.0
49,-0.540301,0.053810,-696.898598,0.224328,-0.038454,0.131169,25.471987,30.990068,33.262041,-5.518081,-2.271973,-0.684,0.023957,0.994169,1.007605,1.001731,1.0
50,-0.529330,0.040931,-727.936098,0.240939,-0.045074,0.160740,21.606202,30.691905,33.918146,-9.085702,-3.226241,-0.684,-0.132210,0.994169,1.012262,1.006360,1.0
51,-0.258049,0.047130,-843.611629,0.203559,-0.029656,0.133063,29.797121,37.463015,40.299187,-7.665894,-2.836172,-3.925,-0.108563,0.998873,1.007857,1.006722,0.0
52,-0.274561,0.056433,-1018.433395,0.184583,-0.024243,0.126734,20.086561,29.342209,33.630819,-9.255648,-4.288610,-2.671,-0.040658,0.990357,1.008025,0.998305,1.0
53,-0.473108,0.051881,-950.940381,0.206838,-0.032030,0.147605,32.665377,32.946781,34.336488,-0.281404,-1.389707,-2.671,0.082104,0.990357,1.010384,1.000641,1.0
54,-0.500749,0.050903,-971.989801,0.206224,-0.032199,0.151318,26.593003,34.253476,36.264123,-7.660472,-2.010648,-2.671,-0.268286,0.990357,1.013886,1.004109,1.0
55,-0.517680,0.050151,-985.919103,0.205656,-0.032277,0.153909,24.487677,30.353183,32.861397,-5.865506,-2.508214,-2.671,-0.027882,0.990357,1.016963,1.007157,0.0
56,-0.887806,0.029577,-1127.722825,0.180545,-0.027980,0.143479,29.965992,33.260456,33.882660,-3.294464,-0.622204,-1.808,0.184230,1.003137,1.008569,1.011733,1.0
57,-0.519350,0.054202,-1274.346804,0.179720,-0.025317,0.162841,19.851841,32.807756,36.943877,-12.955915,-4.136121,-1.808,-0.057357,1.003137,1.011887,1.015062,1.0
58,-0.519975,0.053298,-1295.722776,0.179277,-0.025292,0.165980,20.712889,27.425001,32.034852,-6.712112,-4.609851,-1.808,0.156800,1.003137,1.014284,1.017466,1.0
59,-0.532127,0.051764,-1331.577381,0.178766,-0.025341,0.171056,26.617910,34.892471,38.100279,-8.274561,-3.207807,-1.808,0.032909,1.003137,1.017235,1.020427,1.0
60,-0.487801,0.049648,-1390.235043,0.178055,-0.025084,0.179296,24.398001,34.594824,37.541777,-10.196824,-2.946953,-1.808,0.096092,1.003137,1.019946,1.023146,1.0
61,-0.499043,0.048389,-1427.136556,0.177549,-0.025130,0.184576,16.985042,25.169507,29.681193,-8.184465,-4.511686,-1.808,-0.075291,1.003137,1.022885,1.026094,0.0
62,-0.918006,0.032424,-6515.607282,0.087528,-0.006668,0.213541,29.614234,37.547005,40.357166,-7.932771,-2.810161,-1.478,-0.003412,1.008021,1.007749,1.015832,0.0
63,-0.367168,0.027583,-1273.527440,0.213022,-0.036671,0.252221,48.625337,44.860804,45.815477,3.764533,-0.954673,-3.119,0.347084,1.006625,1.007884,1.014561,1.0
64,-0.419984,0.028115,-1299.916738,0.212607,-0.037231,0.257949,32.033150,38.294750,40.534911,-6.261600,-2.240160,-3.119,0.018471,1.006625,1.012246,1.018952,1.0
65,-0.490834,0.028961,-1292.024122,0.212052,-0.037843,0.257059,19.445520,31.166887,36.440433,-11.721367,-5.273546,-3.119,-0.131660,1.006625,1.018251,1.024996,1.0
66,-0.576689,0.030756,-1574.844701,0.194232,-0.032373,0.260189,26.623374,37.423974,41.131080,-10.800600,-3.707106,-4.288,-0.011117,0.986851,1.010805,0.997514,0.0
67,-0.369935,0.036663,-1769.648176,0.173536,-0.024370,0.234127,30.612619,32.828337,37.139895,-2.215718,-4.311559,-4.484,0.137807,1.010249,1.007638,1.017965,1.0
68,-0.440972,0.041923,-1623.823026,0.173390,-0.024543,0.215028,38.072557,37.548153,38.547755,0.524404,-0.999602,-4.484,0.135914,1.010249,1.012432,1.022808,1.0
69,-0.509588,0.044688,-1543.896996,0.173168,-0.024776,0.204715,34.382042,37.531281,39.406295,-3.149239,-1.875015,-4.484,0.066234,1.010249,1.016320,1.026736,1.0
70,-0.522810,0.043801,-1573.270366,0.172645,-0.024821,0.209239,25.614036,31.194983,34.132018,-5.580947,-2.937035,-4.484,-0.017553,1.010249,1.019525,1.029974,1.0
71,-0.499640,0.042017,-1640.842299,0.171834,-0.024683,0.219248,31.687573,36.225713,37.204439,-4.538140,-0.978726,-4.484,0.036365,1.010249,1.023171,1.033657,1.0
72,-0.757411,0.064185,-6759.969321,0.085268,-0.006334,0.227417,21.921080,34.400719,39.569013,-12.479640,-5.168294,-3.652,-0.058316,0.997917,1.008082,1.005982,1.0
73,-0.551398,0.022463,-1310.224855,0.222412,-0.044738,0.313193,27.954567,35.737834,38.101660,-7.783267,-2.363826,-3.652,-0.095296,0.997917,1.016146,1.014029,1.0
74,-0.513520,0.030379,-1618.794078,0.193711,-0.031887,0.268354,38.508842,35.875918,35.979815,2.632923,-0.103897,-5.215,0.210354,1.011218,1.014344,1.025723,1.0
75,-0.505372,0.028642,-1715.063983,0.191662,-0.031745,0.287327,35.190715,36.831514,37.011795,-1.640799,-0.180282,-5.215,0.042230,1.011218,1.023569,1.035052,1.0
76,-0.532998,0.028357,-1728.274724,0.190916,-0.031888,0.290671,22.341935,32.826495,36.383161,-10.484560,-3.556666,-5.215,-0.035360,1.011218,1.028481,1.040019,0.0
77,-0.929314,0.020925,-9021.408931,0.083750,-0.006678,0.309028,30.996225,36.125376,37.679958,-5.129151,-1.554582,-3.990,0.063399,1.014752,1.007681,1.022547,1.0
78,-0.517694,0.022721,-1301.959555,0.218408,-0.043564,0.317193,29.834721,35.961732,38.015096,-6.127011,-2.053364,-3.990,-0.054026,1.014752,1.013983,1.028942,1.0
79,-0.403411,0.025224,-1428.756787,0.202591,-0.035918,0.297728,38.993483,44.134928,47.512615,-5.141445,-3.377687,-3.895,0.123180,0.981173,1.008499,0.989513,1.0
80,-0.465165,0.025909,-1432.626680,0.202038,-0.036462,0.299357,18.173574,30.168580,36.981902,-11.995006,-6.813322,-3.895,-0.019061,0.981173,1.014550,0.995450,1.0
81,-0.528083,0.025862,-1441.497020,0.201375,-0.037022,0.302207,28.909571,32.923352,35.782930,-4.013781,-2.859578,-3.895,-0.028754,0.981173,1.020752,1.001534,1.0
82,-0.538728,0.025746,-1445.277188,0.200209,-0.036958,0.304761,27.832524,37.748461,40.851885,-9.915936,-3.103425,-3.895,-0.033195,0.981173,1.027003,1.007668,0.0
83,-0.502421,0.033040,-1134.582011,0.204627,-0.036272,0.234172,16.028535,28.626472,36.284710,-12.597938,-7.658238,-4.575,-0.036979,0.984910,1.008766,0.993543,0.0
84,-0.563320,0.037464,-1302.393114,0.186038,-0.030433,0.224867,30.902704,36.218551,38.166664,-5.315846,-1.948113,-2.467,-0.040406,1.012422,1.007935,1.020456,1.0
85,-0.544970,0.030978,-1203.426937,0.202514,-0.036580,0.250948,27.064748,31.249262,34.189800,-4.184514,-2.940538,-2.467,0.070575,1.012422,1.012604,1.025183,1.0
86,-0.534660,0.030424,-1227.485069,0.200474,-0.036229,0.258556,20.909900,31.566518,36.033605,-10.656618,-4.467087,-2.467,0.017739,1.012422,1.022099,1.034796,1.0
87,-0.523295,0.029662,-1260.402088,0.199445,-0.036060,0.266844,31.674976,32.960200,34.870603,-1.285224,-1.910403,-2.467,0.129473,1.012422,1.026417,1.039167,0.0
88,-0.587533,0.042049,-1603.583549,0.162144,-0.023833,0.227226,32.465293,38.770958,41.680318,-6.305664,-2.909361,-4.526,-0.028901,0.991018,1.008186,0.999130,1.0
89,-0.522332,0.041131,-1672.884152,0.161150,-0.023455,0.238491,17.816792,28.189910,33.775950,-10.373119,-5.586040,-4.526,-0.034704,0.991018,1.012078,1.002987,1.0
90,-0.487414,0.040104,-1714.766321,0.160432,-0.023241,0.245545,28.729559,29.233177,32.395749,-0.503618,-3.162573,-4.526,0.167112,0.991018,1.015085,1.005967,1.0
91,-0.496795,0.038855,-1770.345798,0.159880,-0.023297,0.254370,30.895971,29.646587,31.405146,1.249384,-1.758559,-4.526,0.142896,0.991018,1.018346,1.009199,1.0
92,-0.529747,0.040734,-1687.110358,0.159405,-0.023286,0.243148,28.645696,33.850408,36.167201,-5.204712,-2.316792,-4.526,-0.107216,0.991018,1.023118,1.013928,1.0
93,-0.500989,0.040042,-1718.767455,0.158671,-0.023088,0.248846,29.678168,34.117470,36.225002,-4.439303,-2.107531,-4.526,-0.015856,0.991018,1.026593,1.017372,1.0
94,-0.505867,0.040259,-1709.711925,0.158238,-0.023043,0.248214,40.468756,40.378106,40.438151,0.090650,-0.060045,-4.526,0.160912,0.991018,1.029605,1.020357,0.0
95,-0.683156,0.027794,-961.955365,0.214386,-0.043500,0.238902,49.588128,41.705244,38.673045,7.882883,3.032200,-4.606,0.426958,1.010540,1.010861,1.021515,0.0
96,0.986702,0.003910,-1024.390904,0.181822,0.030664,0.180267,38.752587,35.515473,37.138962,3.237115,-1.623490,2.651,0.275853,0.993599,1.011931,1.005454,1.0
97,-0.536518,0.033684,-1110.245997,0.208015,-0.037076,0.225436,27.000416,34.416297,36.887956,-7.415881,-2.471659,2.651,-0.016998,0.993599,1.016883,1.010375,1.0
98,-0.510974,0.033406,-1122.443464,0.207165,-0.036723,0.228838,44.971473,45.162571,45.529692,-0.191098,-0.367122,2.651,0.218749,0.993599,1.020003,1.013474,0.0
99,-0.086737,0.043656,-4971.852958,0.084979,-0.005633,0.167872,25.556786,31.386528,34.448088,-5.829742,-3.061560,2.680,-0.065215,0.988896,1.007964,0.996771,1.0
100,-0.722879,0.045200,-1290.999931,0.169707,-0.025204,0.174856,26.404871,31.302799,33.809477,-4.897927,-2.506679,4.098,-0.302197,1.003735,1.007897,1.011661,1.0
101,-0.481949,0.038398,-1282.282752,0.188027,-0.030069,0.219054,16.275986,23.135432,27.016972,-6.859445,-3.881540,4.098,0.043637,1.003735,1.010856,1.014631,1.0
102,-0.929433,0.015813,-1515.942700,0.163057,-0.026691,0.213659,49.955798,39.211269,34.752357,10.744529,4.458912,3.615,0.424733,1.016587,1.010285,1.027042,0.0
103,-0.529970,0.021926,-1344.254580,0.204016,-0.041450,0.350552,35.180090,38.662951,40.553037,-3.482860,-1.890086,-1.144,0.146083,0.994801,1.007564,1.002325,1.0
104,-0.536697,0.022898,-1287.071547,0.202540,-0.041007,0.338104,17.549040,26.708957,31.766382,-9.159917,-5.057425,-1.144,-0.097678,0.994801,1.016256,1.010972,0.0
105,-0.395837,0.023291,-1532.203196,0.187335,-0.033828,0.345221,17.879267,26.057255,30.163604,-8.177988,-4.106349,-5.577,-0.425778,0.991803,1.008103,0.999840,0.0
106,-0.619487,0.023618,-1514.016626,0.186448,-0.035822,0.343150,34.480193,40.695317,41.486564,-6.215124,-0.791248,-7.932,0.160380,1.023482,1.007862,1.031528,1.0
107,-0.534264,0.026215,-1418.432439,0.184789,-0.034362,0.324391,43.311005,40.912090,41.130473,2.398914,-0.218383,-7.932,0.204362,1.023482,1.014263,1.038079,1.0
108,-0.523464,0.054035,-913.906812,0.169160,-0.026807,0.173890,22.680162,28.299206,33.072444,-5.619043,-4.773238,-6.945,0.051785,1.001037,1.007842,1.008888,0.0
109,-0.570887,0.040241,-1209.322264,0.173954,-0.028491,0.223593,14.269903,23.969260,30.392986,-9.699357,-6.423726,-8.140,-0.208957,0.993103,1.007860,1.000909,0.0
110,-0.005184,0.002466,-8088.073745,0.077876,-0.005171,0.297997,24.334482,32.345387,36.507428,-8.010905,-4.162041,-7.451,0.036046,0.997417,1.007574,1.004972,0.0
111,-0.496368,0.044016,-2405.839175,0.139146,-0.017582,0.258074,27.832337,32.157656,35.803937,-4.325319,-3.646281,-4.452,-0.029862,0.994167,1.007579,1.001701,1.0
112,-0.547991,0.037177,-797.071270,0.212520,-0.040643,0.200148,14.728823,23.916268,29.217444,-9.187446,-5.301176,-4.452,-0.112186,0.994167,1.012722,1.006814,1.0
113,-0.523074,0.036589,-813.276120,0.211294,-0.040206,0.205373,27.147887,27.851980,29.392250,-0.704093,-1.540271,-4.452,0.079504,0.994167,1.017599,1.011663,1.0
114,-0.526562,0.037505,-793.266924,0.210217,-0.039973,0.201364,26.309100,34.739618,38.178648,-8.430518,-3.439030,-4.452,-0.117835,0.994167,1.023113,1.017145,1.0
115,-0.821836,0.034896,-943.010969,0.174508,-0.030123,0.173986,43.339259,47.077520,45.389076,-3.738261,1.688444,0.444,0.482699,1.009797,1.007570,1.017442,0.0
116,-0.425117,0.047182,-1025.175689,0.173646,-0.027048,0.189951,26.119491,33.572889,38.226515,-7.453397,-4.653626,1.212,0.176148,1.000027,1.007585,1.007612,0.0
117,0.850998,0.037423,-1063.799469,0.160257,0.021578,0.151815,6.208920,14.132332,19.789058,-7.923412,-5.656726,2.521,-0.191185,1.000156,1.007633,1.007790,1.0
118,-0.517030,0.036206,-1035.309368,0.192903,-0.034221,0.227025,20.296611,24.285626,25.970777,-3.989014,-1.685152,2.521,-0.092176,1.000156,1.012893,1.013051,1.0
119,-0.756273,0.034756,-1128.627380,0.173405,-0.029719,0.209408,41.078344,41.578061,39.277903,-0.499717,2.300158,-1.361,0.343708,1.011967,1.007753,1.019813,0.0
120,-0.005113,0.002400,-8202.195076,0.077245,-0.005142,0.304665,19.827629,24.670580,27.105286,-4.842951,-2.434706,-0.425,0.015031,0.991709,1.007654,0.999299,1.0
121,-0.502323,0.039590,-752.677177,0.211075,-0.039667,0.190324,29.020589,34.694894,35.770867,-5.674304,-1.075973,-0.425,0.034253,0.991709,1.012106,1.003714,1.0
122,-0.537717,0.039831,-746.015635,0.210269,-0.039906,0.189376,16.775968,27.327209,31.613372,-10.551240,-4.286163,-0.425,-0.002053,0.991709,1.017102,1.008669,1.0
123,-0.341723,0.063665,-994.732865,0.164453,-0.022059,0.139277,20.407643,28.970685,34.122061,-8.563041,-5.151377,2.183,-0.074201,0.998848,1.007596,1.006435,1.0
124,-0.364216,0.066273,-978.588052,0.164427,-0.022149,0.137048,32.086760,32.498463,35.173435,-0.411703,-2.674971,2.183,0.109590,0.998848,1.008564,1.007402,1.0
125,-0.406181,0.067932,-987.277064,0.164350,-0.022358,0.138331,33.577036,37.599405,38.985292,-4.022369,-1.385887,2.183,-0.017599,0.998848,1.010120,1.008956,1.0
126,-0.459527,0.073502,-935.610961,0.164263,-0.022539,0.131191,38.906823,39.568366,40.626637,-0.661543,-1.058270,2.183,0.168171,0.998848,1.012169,1.011003,1.0
127,-0.463427,0.071368,-964.465614,0.163815,-0.022538,0.135591,20.343214,28.526598,32.580957,-8.183384,-4.054360,2.183,-0.045613,0.998848,1.014845,1.013675,0.0
128,-0.463427,0.071368,-964.465614,0.163815,-0.022538,0.135591,31.060464,34.695709,36.791548,-3.635245,-2.095840,1.622,-0.004043,1.004291,1.007830,1.012154,1.0
129,-0.410781,0.044281,-1083.084287,0.184866,-0.028678,0.188775,49.792156,44.988203,44.245455,4.803953,0.742748,2.140,0.389648,0.996323,1.009404,1.005693,0.0
130,-0.448384,0.225306,-2441.583202,0.085976,-0.005797,0.081625,36.709811,40.291809,41.780823,-3.581998,-1.489014,3.506,-0.041525,0.995426,1.007690,1.003081,1.0
131,-0.056301,0.020238,-944.127771,0.170714,-0.020691,0.127528,19.017513,26.169667,29.831627,-7.152154,-3.661960,3.788,-0.102530,0.992990,1.007876,1.000810,1.0
132,-0.949185,0.039854,-881.038096,0.151846,-0.020090,0.087070,20.014538,29.032802,32.835966,-9.018264,-3.803163,3.384,-0.025827,1.006776,1.007694,1.014522,0.0
133,-0.984717,0.014312,-4748.611616,0.086372,-0.006625,0.157884,22.762864,30.006997,34.127910,-7.244133,-4.120913,2.592,-0.143540,1.012375,1.007661,1.020130,1.0
134,-0.678700,0.050065,-1250.675557,0.172587,-0.025248,0.167037,20.087763,29.383008,33.352579,-9.295244,-3.969572,-0.532,-0.077236,1.000859,1.013664,1.014534,1.0
135,-0.502491,0.054831,-1260.877460,0.171801,-0.024171,0.169131,29.529620,32.043433,34.465422,-2.513812,-2.421990,-0.532,0.168787,1.000859,1.015383,1.016255,1.0
136,-0.523131,0.055481,-1245.137623,0.171316,-0.024194,0.167502,19.335782,28.588606,32.191145,-9.252823,-3.602540,-0.532,-0.172509,1.000859,1.018764,1.019639,1.0
137,-0.487696,0.054881,-1258.382030,0.170602,-0.023934,0.169976,21.811649,27.449730,30.539591,-5.638081,-3.089861,-0.532,0.045211,1.000859,1.022143,1.023020,0.0
138,-0.628878,0.036379,-781.640107,0.220882,-0.043067,0.189318,48.896342,41.983064,40.543236,6.913278,1.439828,-2.227,0.416149,0.996930,1.008994,1.005896,1.0
139,-0.497887,0.036945,-806.091555,0.219257,-0.041255,0.196588,24.118859,29.359598,32.010564,-5.240739,-2.650966,-2.227,-0.157792,0.996930,1.012815,1.009705,1.0
140,-0.530162,0.036094,-823.981182,0.218388,-0.041569,0.201731,13.488394,21.213649,25.447668,-7.725255,-4.234020,-2.227,0.053448,0.996930,1.017664,1.014539,0.0
141,-0.477126,0.046551,-805.452979,0.201850,-0.034562,0.169299,26.025033,32.255022,35.559900,-6.229989,-3.304878,-4.802,0.044520,0.997220,1.007697,1.004896,1.0
142,-0.681039,0.037604,-903.290570,0.199482,-0.036501,0.192044,21.809568,32.370711,35.550675,-10.561142,-3.179964,-5.772,0.031372,1.004844,1.007777,1.012659,0.0
143,-0.163142,0.030887,-969.319839,0.181502,-0.026044,0.172090,18.950336,23.087336,26.786928,-4.137000,-3.699593,-6.296,0.037287,0.991794,1.007918,0.999647,1.0
144,-0.220579,0.036153,-1001.087816,0.181572,-0.026629,0.177653,25.720524,28.651822,30.109996,-2.931298,-1.458174,-6.296,-0.100156,0.991794,1.011719,1.003417,1.0
145,-0.270959,0.040298,-1006.594216,0.181540,-0.027038,0.178670,26.624234,30.491332,31.689877,-3.867098,-1.198546,-6.296,-0.007329,0.991794,1.015021,1.006691,1.0
146,-0.315427,0.044986,-970.541581,0.181486,-0.027291,0.172362,33.654068,35.732556,35.931735,-2.078488,-0.199180,-6.296,0.021438,0.991794,1.018110,1.009756,1.0
147,-0.391628,0.054013,-877.667159,0.181375,-0.027624,0.156058,19.031900,28.877866,33.692406,-9.845966,-4.814540,-6.296,-0.089092,0.991794,1.022826,1.014433,1.0
148,-0.394050,0.089288,-5951.924434,0.080882,-0.005718,0.211240,59.039862,51.503973,48.531293,7.535890,2.972680,-6.294,0.897796,0.995735,1.009766,1.005460,0.0
149,0.984394,0.005823,-1122.702973,0.161943,0.023958,0.158294,30.850704,34.509792,34.160074,-3.659088,0.349718,-2.620,-0.044426,1.021830,1.007591,1.029587,1.0
150,-0.521706,0.033599,-1114.924666,0.201895,-0.035964,0.233918,29.003167,32.269856,35.596328,-3.266689,-3.326472,-2.620,0.118206,1.021830,1.012958,1.035072,1.0
151,-0.486625,0.033333,-1122.618854,0.201122,-0.035526,0.236416,35.433244,30.798567,32.035801,4.634677,-1.237233,-2.620,0.174543,1.021830,1.015401,1.037567,1.0
152,-0.499324,0.032554,-1150.462793,0.200435,-0.035629,0.243084,34.566661,32.234869,32.040056,2.331792,0.194814,-2.620,0.241796,1.021830,1.018976,1.041221,1.0
153,-0.514347,0.030807,-1214.780587,0.199612,-0.035852,0.257676,9.546857,16.884808,20.759336,-7.337950,-3.874528,-2.620,-0.127325,1.021830,1.022890,1.045220,1.0
154,-0.519068,0.036231,-1359.170550,0.181492,-0.029563,0.241093,33.574615,36.816737,38.537848,-3.242122,-1.721111,-0.725,0.073985,0.997108,1.007745,1.004831,0.0
155,-0.486853,0.035928,-1369.099406,0.180745,-0.029242,0.243840,29.270255,33.769019,36.264158,-4.498764,-2.495138,-0.387,0.018661,1.003841,1.007665,1.011536,0.0
156,-0.572029,0.029459,-1253.196922,0.194288,-0.035693,0.273066,17.064460,25.320246,29.451281,-8.255786,-4.131035,-1.592,-0.210388,1.008880,1.007640,1.016588,1.0
157,-0.425703,0.028994,-1655.557511,0.176319,-0.028806,0.302043,17.671793,23.672510,27.313530,-6.000717,-3.641020,-1.455,-0.753573,0.993816,1.008612,1.002375,1.0
158,-0.507494,0.028059,-1330.887660,0.193115,-0.035135,0.291665,36.547004,36.029019,36.383275,0.517985,-0.354257,-1.455,0.187934,0.993816,1.013479,1.007211,0.0
159,-0.685866,0.034321,-1291.463879,0.174605,-0.029665,0.238468,37.738255,42.285647,42.524167,-4.547392,-0.238520,-1.036,0.036668,0.999709,1.007580,1.007287,0.0
160,-0.788745,0.036045,-1417.668376,0.153332,-0.023581,0.213187,30.936497,37.598647,38.903444,-6.662150,-1.304797,-2.706,-0.083988,1.011050,1.007870,1.019007,1.0
161,-0.500261,0.048923,-1410.086141,0.151912,-0.021770,0.213952,35.564288,37.284320,38.489809,-1.720032,-1.205489,-2.706,0.209892,1.011050,1.011837,1.023018,1.0
162,-0.510009,0.046529,-1481.798043,0.151354,-0.021844,0.225617,27.305636,34.561448,37.904195,-7.255812,-3.342747,-2.706,-0.193582,1.011050,1.015223,1.026441,1.0
163,-0.511586,0.044960,-1532.653746,0.150855,-0.021859,0.234099,30.003710,35.876589,38.086129,-5.872879,-2.209540,-2.706,-0.056700,1.011050,1.018155,1.029406,0.0
164,-0.391131,0.091203,-5811.361125,0.075442,-0.005354,0.221171,12.375226,25.224982,31.549483,-12.849756,-6.324501,-4.655,0.018308,1.002862,1.007663,1.010546,1.0
165,-0.438641,0.029483,-1246.854281,0.184112,-0.032803,0.286949,27.334556,32.535204,35.707941,-5.200648,-3.172738,-6.481,-0.203440,0.990807,1.008309,0.999040,1.0
166,-0.498321,0.028892,-1291.392751,0.183479,-0.033390,0.298197,22.346496,26.861765,30.038347,-4.515269,-3.176582,-6.481,-0.021276,0.990807,1.013926,1.004605,1.0
167,-0.646073,0.030673,-1505.334057,0.167770,-0.028829,0.289024,39.942315,37.810942,35.577457,2.131373,2.233485,-7.638,0.134843,1.009811,1.016201,1.026171,0.0
168,-0.610542,0.037764,-1262.351790,0.173493,-0.028834,0.234580,18.476943,27.317214,31.743349,-8.840271,-4.426135,-2.806,-0.224522,1.003459,1.007858,1.011345,1.0
169,-0.769562,0.038857,-1379.097564,0.152773,-0.023307,0.208162,40.156522,41.493534,38.997626,-1.337012,2.495908,-0.642,0.475764,1.011876,1.007870,1.019839,1.0
170,-0.523277,0.052140,-1323.202206,0.151503,-0.021704,0.201369,27.551017,34.758896,38.045207,-7.207879,-3.286311,-0.642,0.007681,1.011876,1.012213,1.024234,1.0
171,-0.469610,0.051936,-1323.440810,0.150880,-0.021371,0.202222,37.499566,37.378049,37.933085,0.121517,-0.555036,-0.642,0.126187,1.011876,1.014915,1.026968,1.0
172,-0.488730,0.055461,-1244.396032,0.150476,-0.021299,0.190709,29.194834,35.846504,38.841661,-6.651671,-2.995156,-0.642,0.133134,1.011876,1.018755,1.030854,1.0
173,-0.484655,0.054729,-1260.132920,0.150054,-0.021247,0.193649,27.005112,30.214743,33.297514,-3.209631,-3.082771,-0.642,0.108187,1.011876,1.021365,1.033494,0.0
174,-0.539965,0.027753,-1339.742145,0.181352,-0.033600,0.312942,22.837091,29.147854,32.870890,-6.310763,-3.723036,-0.132,-0.102183,0.996731,1.016363,1.013040,0.0
175,-0.131435,0.020502,-1746.177262,0.146503,-0.019555,0.274386,50.857391,44.014383,42.949253,6.843007,1.065130,-1.961,0.407645,0.993323,1.017200,1.010409,1.0
176,-0.174510,0.024617,-1763.408202,0.146407,-0.019871,0.277281,28.122955,35.384549,37.594495,-7.261594,-2.209946,-1.961,-0.029565,0.993323,1.022281,1.015455,0.0
177,-0.330742,0.029997,-1121.496027,0.187122,-0.031896,0.254054,25.297900,39.117245,46.052794,-13.819345,-6.935549,0.363,0.007768,0.978239,1.008282,0.986340,1.0
178,-0.405025,0.031816,-1135.994235,0.186683,-0.032549,0.257955,19.384407,28.259445,34.135314,-8.875038,-5.875869,0.363,-0.164591,0.978239,1.014666,0.992586,0.0
179,-0.514854,0.041092,-1199.916842,0.170073,-0.027510,0.227466,23.976719,28.944160,32.040738,-4.967441,-3.096578,0.066,0.001644,1.004547,1.008379,1.012965,1.0
180,-0.614734,0.040670,-1170.366931,0.177440,-0.029243,0.212756,27.656178,35.329708,38.713818,-7.673530,-3.384109,4.603,-0.135685,0.995129,1.007612,1.002703,1.0
181,0.931549,0.022285,-1009.892163,0.158110,0.022177,0.145599,47.755870,44.497446,44.374585,3.258424,0.122861,4.540,0.488748,0.990358,1.010259,1.000518,1.0
182,-0.519264,0.031323,-1194.445059,0.194961,-0.035092,0.259747,37.411332,37.448449,38.486774,-0.037116,-1.038326,4.540,0.182749,0.990358,1.015520,1.005729,1.0
183,-0.412288,0.058737,-1144.257671,0.155406,-0.021445,0.170097,17.635478,27.799242,34.653730,-10.163764,-6.854487,1.976,-0.129248,0.983824,1.007561,0.991263,1.0
184,-0.476427,0.061541,-1121.213017,0.155240,-0.021693,0.166886,15.604688,24.127547,30.581252,-8.522859,-6.453705,1.976,0.016993,0.983824,1.010477,0.994132,1.0
185,-0.491895,0.059647,-1159.149314,0.154734,-0.021751,0.173061,9.889712,18.465351,25.348277,-8.575639,-6.882926,1.976,0.061854,0.983824,1.013873,0.997473,1.0
186,-0.456779,0.060176,-1140.451831,0.154446,-0.021524,0.170594,25.071454,24.205045,27.731766,0.866409,-3.526721,1.976,0.111631,0.983824,1.015019,0.998600,1.0
187,-0.537687,0.057189,-1206.274000,0.154091,-0.021949,0.180811,21.522411,23.175045,26.022740,-1.652633,-2.847695,1.976,0.016554,0.983824,1.018803,1.002323,0.0
188,-0.687987,0.029889,-1478.280928,0.175395,-0.030257,0.271878,22.196183,32.426928,36.415311,-10.230745,-3.988383,0.314,-0.226823,1.006004,1.007830,1.013881,1.0
189,-0.528538,0.030896,-1209.462978,0.190164,-0.034463,0.269950,39.632345,41.463749,42.647023,-1.831404,-1.183273,0.314,0.116857,1.006004,1.013506,1.019591,1.0
190,-0.517764,0.042460,-885.531271,0.202951,-0.035362,1.857079e-01,15.315103,27.097778,32.892338,-11.782675,-5.794560,2.420,-0.277606,0.984600,1.007608,0.992091,1.0
191,-0.467674,0.041588,-898.863734,0.202198,-0.034817,1.891514e-01,26.056401,28.606559,32.018542,-2.550157,-3.411983,2.420,0.008888,0.984600,1.009661,0.994113,1.0
192,-0.482016,0.038791,-965.940126,0.201466,-0.035043,2.038842e-01,16.741312,21.581054,25.947891,-4.839743,-4.366837,2.420,-0.014113,0.984600,1.013051,0.997450,1.0
193,-0.470133,0.036138,-1033.258830,0.200882,-0.035051,2.186023e-01,34.519534,32.165373,32.695642,2.354162,-0.530269,2.420,0.193040,0.984600,1.014742,0.999115,0.0
194,-0.402312,0.060205,-1109.885453,0.163829,-0.022431,1.565885e-01,28.066634,38.559124,42.916636,-10.492490,-4.357512,3.455,-0.202839,0.992023,1.007632,0.999594,0.0
195,-0.402312,0.060205,-1109.885453,0.163829,-0.022431,1.565885e-01,13.353893,23.119020,28.520193,-9.765127,-5.401173,4.619,-0.309679,1.006706,1.007868,1.014627,1.0
196,-0.515145,0.050984,-1355.601616,0.164492,-0.023410,1.902820e-01,29.846831,34.282577,36.175523,-4.435746,-1.892945,4.619,-0.038340,1.006706,1.010519,1.017295,1.0
197,-0.208168,0.032314,-1079.223659,0.185735,-0.027240,1.876949e-01,24.759571,28.969662,34.185507,-4.210091,-5.215845,-0.249,0.140225,0.998335,1.008620,1.006940,0.0
198,-0.110923,0.075410,-3457.033728,0.083099,-0.005434,1.195898e-01,19.784725,27.018334,31.441227,-7.233609,-4.422893,2.112,-0.088999,1.007103,1.007568,1.014726,1.0
199,-0.495174,0.059141,-1170.189911,0.166443,-0.023309,1.624867e-01,26.904008,35.484544,38.597072,-8.580537,-3.112528,2.112,-0.096140,1.007103,1.010378,1.017555,1.0
200,-0.491665,0.057835,-1195.923363,0.166012,-0.023270,1.664633e-01,14.180619,23.913143,29.157754,-9.732524,-5.244610,2.112,-0.004324,1.007103,1.012758,1.019952,1.0
201,-0.613556,0.059222,-1735.160818,0.142916,-0.017877,1.818463e-01,37.243840,38.118624,38.426786,-0.874784,-0.308162,2.460,0.144729,1.000275,1.008864,1.009142,1.0
202,-0.502378,0.048708,-772.933598,0.201214,-0.034589,1.636839e-01,30.719171,36.332244,38.098605,-5.613073,-1.766361,2.460,-0.166700,1.000275,1.012187,1.012466,1.0
203,-0.518079,0.048945,-769.288941,0.200621,-0.034626,1.634034e-01,26.927102,33.012378,36.198358,-6.085277,-3.185980,2.460,-0.078014,1.000275,1.015584,1.015864,1.0
204,-0.507100,0.048220,-780.765305,0.199891,-0.034444,1.664110e-01,28.095564,34.362506,36.948350,-6.266941,-2.585844,2.460,-0.075378,1.000275,1.018900,1.019180,0.0
205,-0.238894,0.026246,-3078.891435,0.142853,-0.017582,3.220942e-01,26.903134,36.647983,43.902903,-9.744849,-7.254920,-1.523,0.016564,0.973547,1.011777,0.985013,1.0
206,-0.522820,0.026735,-1396.437289,0.204062,-0.037254,2.903266e-01,15.315323,28.828399,35.318871,-13.513077,-6.490471,-1.523,-0.202913,0.973547,1.017707,0.990786,1.0
207,-0.524062,0.026498,-1408.424266,0.202974,-0.037134,2.943659e-01,26.363185,30.575739,33.572417,-4.212554,-2.996678,-1.523,-0.023015,0.973547,1.022941,0.995881,1.0
208,-0.781864,0.018329,-2015.874898,0.181728,-0.033568,3.574327e-01,33.447775,33.484341,30.988731,-0.036566,2.495609,0.978,0.111423,1.011395,1.010879,1.022399,1.0
209,-0.516204,0.036285,-1357.906338,0.180534,-0.029401,2.427130e-01,41.640766,41.497184,40.843310,0.143582,0.653874,0.978,0.137465,1.011395,1.014567,1.026129,1.0
210,-0.485041,0.036260,-1356.477936,0.179801,-0.029066,2.434304e-01,22.468927,30.840745,35.384971,-8.371818,-4.544226,0.978,-0.002597,1.011395,1.017547,1.029143,0.0
211,-0.793950,0.042488,-1200.979699,0.159602,-0.024147,1.739219e-01,27.752035,29.989885,31.556209,-2.237851,-1.566324,-0.154,-0.072658,1.011579,1.007876,1.019547,0.0
212,-0.685556,0.183457,-2722.726512,0.079331,-0.005528,9.872774e-02,22.256599,29.880557,34.153779,-7.623958,-4.273222,-2.603,-0.023160,1.000418,1.008131,1.008552,1.0
213,-0.473529,0.053694,-1282.649964,0.157608,-0.022206,1.879086e-01,26.897043,29.219815,31.970492,-2.322771,-2.750677,-2.603,0.055557,1.000418,1.010071,1.010493,1.0
214,-0.794875,0.043266,-651.607895,0.193831,-0.035997,1.436081e-01,28.349362,31.013285,31.557653,-2.663922,-0.544369,-3.286,-0.128074,1.007960,1.010682,1.018727,1.0
215,-0.502257,0.057086,-660.258777,0.192691,-0.032876,1.461843e-01,21.900016,31.945644,35.905917,-10.045628,-3.960274,-3.286,-0.380672,1.007960,1.014482,1.022557,1.0
216,-0.495225,0.053942,-697.955282,0.192149,-0.032844,1.548647e-01,9.956624,21.264310,27.531170,-11.307687,-6.266860,-3.286,-0.072456,1.007960,1.016851,1.024945,1.0
217,-0.500243,0.049124,-765.978908,0.191490,-0.032993,1.703790e-01,23.936755,29.178587,31.088891,-5.241832,-1.910303,-3.286,-0.430083,1.007960,1.019855,1.027973,0.0
218,0.982472,0.011177,-470.677503,0.171436,0.029798,8.640970e-02,27.055240,34.268017,36.348533,-7.212777,-2.080516,-2.589,-0.066601,1.000603,1.007640,1.008248,0.0
219,-0.192010,0.073645,-5105.125285,0.078625,-0.005361,1.865106e-01,36.080374,38.035295,40.528367,-1.954921,-2.493072,-4.127,0.093204,0.995574,1.010443,1.005971,1.0
220,-0.523045,0.040470,-927.690461,0.192545,-0.033875,2.048949e-01,23.476393,33.766663,37.888248,-10.290271,-4.121585,-4.127,-0.058957,0.995574,1.015921,1.011425,0.0
221,0.817186,0.072037,-461.169046,0.184400,0.028534,7.874571e-02,23.003686,29.464609,33.209195,-6.460923,-3.744586,3.536,-0.089788,0.996019,1.007976,1.003963,1.0
222,-0.484570,0.057500,-654.528108,0.201490,-0.034108,1.386646e-01,20.134802,26.188612,29.774402,-6.053810,-3.585790,3.536,-0.002264,0.996019,1.011000,1.006974,1.0
223,-0.496468,0.059127,-637.663334,0.200951,-0.034077,1.354968e-01,34.883525,37.727805,38.329507,-2.844280,-0.601702,3.536,0.024898,0.996019,1.014093,1.010056,1.0
224,-0.502793,0.058191,-648.114591,0.200396,-0.034077,1.380709e-01,27.856750,33.447891,35.636692,-5.591141,-2.188801,3.536,-0.073602,0.996019,1.016960,1.012911,1.0
225,-0.364482,0.053619,-863.167970,0.185620,-0.028010,1.505260e-01,16.966351,30.283171,36.938101,-13.316820,-6.654930,2.489,-0.117016,0.992255,1.008209,1.000400,0.0
226,-0.548664,0.062488,-790.913372,0.191173,-0.029953,1.341297e-01,25.110441,32.717211,36.688385,-7.606770,-3.971174,2.567,-0.028330,1.004670,1.007939,1.012646,1.0
227,-0.370062,0.053995,-861.922908,0.190753,-0.028774,1.463036e-01,34.192185,39.190733,40.892032,-4.998549,-1.701299,2.419,0.059700,0.991453,1.007565,0.998954,1.0
228,-0.433733,0.056827,-856.596794,0.190596,-0.029193,1.455492e-01,12.690991,24.195907,30.391754,-11.504916,-6.195848,2.419,-0.055250,0.991453,1.010404,1.001769,1.0
229,-0.492666,0.057990,-854.251897,0.190394,-0.029574,1.453274e-01,37.083623,40.702318,41.829809,-3.618695,-1.127492,2.419,-0.013127,0.991453,1.012937,1.004280,1.0
230,-0.512159,0.057466,-862.766451,0.189835,-0.029649,1.471969e-01,21.520137,31.827493,35.795465,-10.307356,-3.967972,2.419,-0.298450,0.991453,1.016268,1.007582,1.0
231,-0.536543,0.057713,-857.375106,0.189265,-0.029728,1.467305e-01,19.120365,25.674895,29.584297,-6.554530,-3.909402,2.419,-0.106229,0.991453,1.019821,1.011105,0.0
232,-0.987325,0.009268,-6773.368571,0.083623,-0.006642,2.326425e-01,27.965078,33.363967,35.651721,-5.398889,-2.287754,-0.532,-0.123609,1.009193,1.007691,1.016955,1.0
233,-0.482760,0.046536,-806.947864,0.203309,-0.034848,1.690625e-01,31.522856,34.273747,36.288063,-2.750891,-2.014316,-0.532,0.101699,1.009193,1.011201,1.020497,1.0
234,-0.458125,0.071678,-959.936212,0.165884,-0.022772,1.339251e-01,32.760933,34.524500,36.898363,-1.763567,-2.373863,-1.583,0.072475,0.992727,1.007655,1.000326,1.0
235,-0.548571,0.055111,-895.088086,0.184939,-0.029257,1.566779e-01,16.609771,25.045646,29.344000,-8.435875,-4.298354,-1.583,-0.231797,0.992727,1.011515,1.004157,0.0
236,-0.409171,0.065269,-560.858420,0.241672,-0.039440,1.001253e-01,14.709081,27.365910,33.588420,-12.656829,-6.222510,0.000,-0.159770,0.997582,1.007774,1.005337,0.0
237,-0.409171,0.065269,-560.858420,0.241672,-0.039440,1.001253e-01,21.391568,32.429718,36.906182,-11.038150,-4.476465,3.055,-0.129329,1.004399,1.007774,1.012207,1.0
238,0.820007,0.049452,-666.405960,0.225415,0.034713,9.281598e-02,23.026215,34.005199,37.686627,-10.978984,-3.681428,2.363,-0.201011,1.003978,1.007563,1.011571,1.0
239,-0.025642,0.016626,-928.247568,0.180839,-0.018469,7.751548e-02,23.720373,31.373023,34.424434,-7.652650,-3.051411,1.985,-0.115091,0.998390,1.007641,1.006019,0.0
240,-0.025642,0.016626,-928.247568,0.180839,-0.018469,7.751548e-02,27.494631,32.984347,35.938610,-5.489715,-2.954263,1.956,-0.109358,0.998297,1.007682,1.005966,0.0
241,1.000000,0.000000,-28.307933,0.000000,0.056404,1.000000e-07,10.625353,13.047687,15.077685,-2.422333,-2.029998,0.968,-0.004585,0.992528,1.008149,1.000616,1.0
242,0.562302,0.078520,-884.819694,0.216104,0.027680,9.247000e-02,11.212972,17.409502,23.099376,-6.196529,-5.689875,-0.626,-0.115836,0.996887,1.008548,1.005408,1.0
243,-0.968782,0.022553,-5680.532722,0.106628,-0.008044,1.532292e-01,14.582113,27.168028,34.106168,-12.585914,-6.938141,-1.739,-0.285609,0.992539,1.007833,1.000313,1.0
244,-0.936059,0.026050,-2823.003203,0.148016,-0.016015,1.555980e-01,23.054534,30.218814,33.875859,-7.164279,-3.657045,-3.302,-0.240282,0.995788,1.008426,1.004178,1.0
245,-0.759102,0.049703,-1145.253583,0.206799,-0.030320,1.287556e-01,36.419098,36.420664,36.892003,-0.001567,-0.471339,-3.241,0.132345,1.001183,1.007573,1.008764,0.0
246,-0.461730,0.041059,-911.706655,0.256529,-0.043399,1.521941e-01,23.409569,31.121402,34.671640,-7.711833,-3.550237,0.302,-0.317569,1.003423,1.009563,1.013019,1.0
247,-0.446435,0.048157,-1017.784312,0.234338,-0.035925,1.412443e-01,52.961599,48.426893,46.945582,4.534706,1.481311,-0.175,0.669382,0.992482,1.000754,0.993231,1.0
248,-0.446435,0.048157,-1017.784312,0.234338,-0.035925,1.412443e-01,17.245462,24.860379,28.168950,-7.614917,-3.308570,2.686,-0.301198,0.994892,1.008197,1.003048,1.0
249,-0.446435,0.048157,-1017.784312,0.234338,-0.035925,1.412443e-01,29.434050,35.612000,37.500688,-6.177950,-1.888688,-0.437,-0.125752,0.997881,1.007755,1.005619,1.0
250,-0.045887,0.028111,-4699.330189,0.108323,-0.006963,1.247943e-01,23.433315,31.062620,35.174878,-7.629305,-4.112258,-0.849,-0.331053,0.997428,1.007757,1.005165,1.0
251,0.653647,0.119737,-550.185332,0.234124,0.031086,5.239020e-02,15.927987,23.144018,27.762487,-7.216032,-4.618469,2.745,0.133728,0.997850,1.007837,1.005670,1.0
252,-0.810346,0.053719,-973.706256,0.228711,-0.033540,9.937220e-02,30.438233,34.262737,36.462756,-3.824504,-2.200019,0.913,0.036926,1.000543,1.007975,1.008522,0.0
253,-0.810346,0.053719,-973.706256,0.228711,-0.033540,9.937220e-02,21.277342,30.126598,31.162479,-8.849256,-1.035881,-0.267,-0.295934,1.008688,1.007598,1.016353,1.0
254,0.643254,0.063588,-1030.488414,0.227034,0.029471,1.026488e-01,8.734097,18.602668,24.509724,-9.868571,-5.907055,-3.232,-0.218995,0.997692,1.008384,1.006057,1.0
255,-0.664240,0.039768,-1165.342495,0.256102,-0.041524,1.479978e-01,28.616576,31.847538,35.011210,-3.230962,-3.163671,-2.899,0.019752,0.996283,1.007646,1.003900,1.0
256,-0.931521,0.013902,-1971.204049,0.221649,-0.035950,2.059225e-01,17.576753,22.406441,23.901648,-4.829688,-1.495207,-1.578,-0.112051,1.013911,1.008094,1.022117,1.0
257,-0.441763,0.031593,-1541.457826,0.243114,-0.038253,2.053394e-01,24.975228,29.893873,32.873741,-4.918645,-2.979867,-6.890,0.072371,0.987835,1.008009,0.995747,1.0
258,-0.424120,0.125575,-4339.361089,0.116391,-0.007908,1.073204e-01,27.073075,31.988473,35.118437,-4.915399,-3.129963,7.851,0.077198,0.995879,1.007914,1.003760,1.0
259,-0.424120,0.125575,-4339.361089,0.116391,-0.007908,1.073204e-01,27.460868,34.704908,37.289627,-7.244040,-2.584719,4.704,-0.274259,0.999982,1.008132,1.008114,1.0
260,-0.469607,0.108628,-5096.527668,0.115881,-0.007975,1.265366e-01,34.281100,35.934126,36.447713,-1.653026,-0.513587,1.465,-0.021522,1.005602,1.007803,1.013448,1.0
261,-0.932712,0.029510,-1567.403885,0.197293,-0.026117,1.197175e-01,29.940529,34.929165,37.796157,-4.988636,-2.866991,-1.876,0.121851,0.997803,1.007720,1.005507,1.0
262,-0.932712,0.029510,-1567.403885,0.197293,-0.026117,1.197175e-01,15.488842,24.496165,30.408738,-9.007323,-5.912572,-3.158,-0.011065,0.996408,1.007718,1.004098,0.0
263,-0.469559,0.042431,-1163.749940,0.252805,-0.039109,1.496031e-01,26.658222,33.798440,37.605762,-7.140218,-3.807323,-2.772,0.006878,1.001954,1.008071,1.010040,1.0
264,0.977966,0.006027,-1053.577334,0.249337,0.042047,1.333248e-01,29.868575,34.978903,37.464672,-5.110328,-2.485769,2.038,-0.035425,1.001466,1.008112,1.009590,1.0
265,-0.399572,0.037983,-1754.497100,0.235815,-0.032474,1.722971e-01,66.845730,59.260289,55.181395,7.585441,4.078894,0.157,0.908397,1.003169,1.005174,1.008359,0.0
266,0.656566,0.074470,-871.650108,0.239994,0.031509,8.182235e-02,33.028838,38.328092,39.906285,-5.299254,-1.578193,1.867,-0.090674,0.999530,1.007679,1.007205,1.0
267,0.656566,0.074470,-871.650108,0.239994,0.031509,8.182235e-02,19.479825,27.984423,31.921632,-8.504597,-3.937210,2.598,-0.070019,1.003095,1.007921,1.011041,1.0
268,0.656566,0.074470,-871.650108,0.239994,0.031509,8.182235e-02,25.816697,29.595982,30.557923,-3.779285,-0.961941,-0.030,0.039104,1.008538,1.007710,1.016313,0.0
269,-0.384561,0.067187,-704.959346,0.276207,-0.040714,8.373945e-02,51.520841,46.699240,45.518368,4.821601,1.180872,3.231,0.406737,0.999280,1.007230,1.006506,1.0
270,-0.594081,0.041738,-1169.779252,0.273074,-0.043334,1.394057e-01,14.345263,22.546674,26.898848,-8.201411,-4.352174,3.194,-0.202073,1.000288,1.008123,1.008413,1.0
271,-0.316359,0.037452,-1166.751822,0.272454,-0.040411,1.392288e-01,25.930900,38.556610,43.199091,-12.625710,-4.642481,1.306,0.054247,0.996213,1.007881,1.004064,0.0
272,-0.316359,0.037452,-1166.751822,0.272454,-0.040411,1.392288e-01,23.468510,27.144389,28.219309,-3.675879,-1.074920,0.354,0.060067,1.000464,1.007842,1.008310,1.0
273,-0.760804,0.021429,-1851.982307,0.273949,-0.047140,2.189924e-01,23.581459,33.385100,37.176356,-9.803641,-3.791256,-2.100,-0.131099,0.991125,1.007837,0.998893,0.0
274,0.566663,0.077524,-896.863485,0.249108,0.032081,8.112460e-02,26.263708,34.357346,37.744437,-8.093638,-3.387091,-2.531,-0.083318,0.996578,1.007648,1.004200,1.0
275,-0.482770,0.059336,-1172.007866,0.243856,-0.033327,1.118490e-01,14.881569,27.097225,33.709914,-12.215656,-6.612689,-3.670,-0.180896,0.994283,1.007607,1.001846,1.0
276,1.000000,0.000000,-32.100646,0.000000,0.063961,1.000000e-07,21.713722,30.339894,35.262021,-8.626173,-4.922127,1.493,-0.008763,0.996252,1.007706,1.003929,1.0
277,0.000000,0.000000,32.572772,0.000000,-0.048677,0.000000e+00,16.765749,22.156166,25.095006,-5.390416,-2.938840,-0.772,-0.116444,1.007606,1.008116,1.015784,1.0
278,-0.493081,0.057507,-1211.273520,0.251322,-0.034427,1.121614e-01,26.078847,32.853924,35.159449,-6.775077,-2.305524,3.188,-0.187864,0.995836,1.007880,1.003683,0.0
279,-0.383357,0.082431,-1238.354248,0.217245,-0.024992,8.609799e-02,21.610707,29.583098,33.390945,-7.972391,-3.807847,-0.565,-0.679853,0.998995,1.007928,1.006915,1.0
280,0.577199,0.042904,-575.352016,0.355028,0.064663,1.022050e-01,12.599766,22.912346,28.899598,-10.312580,-5.987252,1.731,-0.103140,1.001132,1.008435,1.009577,1.0
281,-0.934367,0.033171,-6096.188396,0.124763,-0.009235,1.405661e-01,18.920087,20.270796,21.483875,-1.350710,-1.213079,-0.022,-0.059047,0.996346,1.007783,1.004100,0.0
282,-0.613862,0.035975,-2859.993307,0.213744,-0.026948,2.006656e-01,24.381206,29.552822,31.148241,-5.171616,-1.595419,-0.994,0.055653,1.000067,1.007712,1.007779,1.0
283,-0.457343,0.042194,-1630.120700,0.246561,-0.034109,1.532894e-01,18.445737,32.001231,37.850076,-13.555494,-5.848844,-2.138,-0.034754,0.995596,1.007601,1.003164,1.0
284,-0.303806,0.073600,-6571.329563,0.122819,-0.008390,1.538468e-01,25.908114,35.647906,40.142380,-9.739793,-4.494473,-3.386,-0.016773,0.997162,1.007661,1.004801,0.0
285,-0.876046,0.016913,-3422.011284,0.207901,-0.028575,2.466704e-01,25.990221,25.300713,25.842187,0.689509,-0.541474,-4.148,0.079239,1.007473,1.007827,1.015358,0.0
