,buy price,delta,gamma,theta,vega,rho,iv,rsi_10,rsi_20,rsi_30,dff1,dff2,close price,win,win_loss
0,2.91,-0.530547419,0.060184876,-624.7035389,0.241923602,-0.040980766,0.1089548,27.09476456,30.19081272,32.10360079,-3.096048154,-1.912788074,3.58,0.6699999999999999,1
1,2.88,-0.615437821,0.056376412,-641.3659313,0.241356453,-0.041891572,0.112123266,25.15784205,30.22544526,32.09624631,-5.06760322,-1.870801041,3.51,0.6299999999999999,1
2,2.62,-0.567624618,0.055444848,-670.602906,0.240613333,-0.041313945,0.117589904,29.83146544,32.68631805,33.66667742,-2.854852609,-0.980359376,3.25,0.6299999999999999,1
3,4.08,-0.992571254,0.004488337,-6569.1137,0.0956755,-0.007587776,0.196943888,55.13186273,44.5535879,40.0085486,10.57827483,4.545039297,4.94,0.8600000000000003,1
4,4.31,-0.516536273,0.034383344,-710.1982404,0.269010344,-0.05387734,0.171479389,30.68671897,34.81450759,34.80606078,-4.12778862,0.008446804,2.97,-1.3399999999999994,0
6,2.32,-0.041773284,0.012190673,-878.2410686,0.210984244,-0.027881644,0.133555253,8.014786969,19.04395664,26.75676898,-11.02916967,-7.712812336,2.79,0.4700000000000002,1
7,2.51,-0.491639572,0.053609023,-702.4513276,0.238421291,-0.040231818,0.124298789,23.46771351,29.89895641,32.13812968,-6.431242907,-2.239173268,1.73,-0.7799999999999998,0
8,3.95,-0.991757511,0.005510594,-5860.730151,0.09511386,-0.007462988,0.176745791,35.12044105,38.06081935,39.76219208,-2.940378293,-1.701372739,2.75,-1.2000000000000002,0
9,3.84,-0.513022423,0.048100244,-1028.347003,0.211717689,-0.033219275,0.15584189,26.7299421,29.94489505,32.42666142,-3.214952952,-2.481766375,4.74,0.9000000000000004,1
11,3.43,-0.926912891,0.01680887,-1439.604147,0.184101018,-0.029644614,0.179502934,26.53409461,36.54885557,39.93666507,-10.01476096,-3.3878095,4.27,0.8399999999999994,1
12,3.29,-0.531760939,0.042353155,-1625.431307,0.18303218,-0.026306303,0.2038366,27.41007027,33.93975042,37.46831874,-6.529680152,-3.528568315,3.99,0.7000000000000002,1
13,3.69,-0.500448619,0.039212783,-1758.140831,0.182187789,-0.026200413,0.221494373,15.06165525,25.07141377,30.68529728,-10.00975852,-5.613883507,2.57,-1.12,0
14,7.63,-0.91391582,0.021512636,-10124.01254,0.088968154,-0.007115074,0.326389848,34.44137037,42.19561304,42.87846617,-7.754242675,-0.682853127,9.23,1.6000000000000005,1
15,7.75,-0.530306434,0.01960677,-1504.431129,0.231840189,-0.046992004,0.344824525,26.66328618,33.81812199,37.28274378,-7.15483581,-3.464621795,9.48,1.7300000000000004,1
16,8.36,-0.51678238,0.018652589,-1580.694675,0.229962912,-0.046843794,0.365254597,31.98983544,35.65829687,37.45304272,-3.668461429,-1.794745851,5.75,-2.6099999999999994,0
18,6.25,-0.179708309,0.01624342,-1938.947742,0.196760416,-0.030123313,0.31608013,24.67312669,33.22724639,36.71444186,-8.554119698,-3.487195473,7.54,1.29,1
19,6.75,-0.554962932,0.023077706,-1605.76439,0.219118734,-0.040711611,0.309020515,22.54937061,29.68047253,32.94426428,-7.131101913,-3.263791756,8.25,1.5,1
20,7.04,-0.534846524,0.022774474,-1634.14295,0.217709343,-0.040355591,0.316514515,38.28650082,36.75826065,36.98533767,1.528240175,-0.227077026,8.96,1.9200000000000008,1
21,5.45,-0.369264783,0.024274677,-1898.975532,0.199431606,-0.03216442,0.305425515,26.56962423,29.94295003,34.00351145,-3.373325796,-4.060561426,6.59,1.1399999999999997,1
22,5.63,-0.418953852,0.02501842,-1912.580286,0.199022652,-0.032550418,0.308246208,29.06420772,30.71931866,32.81807646,-1.655110937,-2.098757802,6.85,1.2199999999999998,1
23,5.86,-0.480583616,0.026009761,-1882.731353,0.198571908,-0.03292629,0.304126904,26.85572398,31.32294968,33.35446917,-4.467225692,-2.031519498,4.07,-1.79,0
24,4.89,-0.501368004,0.033170648,-2072.79259,0.177935983,-0.026100334,0.267360648,36.65685616,45.52778844,47.38950294,-8.870932285,-1.861714497,3.26,-1.63,0
27,4.04,-0.315041216,0.043983366,-1391.116755,0.185298776,-0.025039932,0.172325684,16.79441214,25.25482016,30.33454812,-8.460408018,-5.07972796,4.91,0.8700000000000001,1
34,2.72,-0.887730834,0.027322341,-1216.233084,0.186150443,-0.028937037,0.149992339,31.59687613,38.57291107,40.87205901,-6.976034933,-2.299147946,3.54,0.8199999999999998,1
35,3.21,-0.505922216,0.045106937,-1530.84857,0.184958648,-0.026278029,0.189980187,13.78866899,23.81971481,29.34549755,-10.03104582,-5.525782745,4.48,1.2700000000000005,1
36,3.45,-0.523862337,0.039950593,-1724.31315,0.184204481,-0.026552651,0.214856833,21.2787156,23.60092648,26.88169273,-2.322210884,-3.280766242,4.41,0.96,1
37,3.86,-0.517891457,0.036266117,-1898.369032,0.183153287,-0.0266264,0.237895128,15.18722041,18.5760621,21.93832499,-3.388841697,-3.362262891,4.79,0.9300000000000002,1
38,4.6,-0.510562779,0.033364116,-2061.697796,0.182108137,-0.02668083,0.259839119,23.6984241,34.30594946,37.58073581,-10.60752536,-3.274786348,3.1,-1.4999999999999996,0
39,5.8,-0.594077375,0.066596274,-8047.330589,0.090776332,-0.006682942,0.254274506,32.4784267,38.87369701,40.926626,-6.39527031,-2.052928991,3.99,-1.8099999999999996,0
41,4.28,-0.741173636,0.031446192,-974.3607237,0.225128047,-0.041860554,0.182554023,37.2519244,35.36511378,34.8840188,1.886810618,0.481094978,5.18,0.8999999999999995,1
42,4.43,-0.528285018,0.033529331,-1117.975226,0.223016938,-0.03942748,0.211419372,30.09651488,34.15653812,35.27714377,-4.060023233,-1.120605657,4.89,0.45999999999999996,1
43,3.94,-0.60168586,0.03645576,-1313.448165,0.20216794,-0.033162934,0.208423378,19.05495554,28.19518965,32.84664729,-9.140234105,-4.651457646,4.77,0.8299999999999996,1
44,3.86,-0.529395656,0.037384732,-1317.828917,0.200832809,-0.032378873,0.210506141,35.99629599,38.92302836,40.12606386,-2.926732366,-1.203035505,2.59,-1.27,0
45,4.84,-0.686429055,0.087277665,-5639.526021,0.089394086,-0.006449964,0.180954688,28.47280974,34.15757782,36.84278354,-5.684768078,-2.685205722,5.82,0.9800000000000004,1
46,5.14,-0.528434697,0.029135686,-1284.047354,0.216894475,-0.038982158,0.249660937,13.06538298,24.26761707,29.62330774,-11.20223409,-5.355690666,3.57,-1.5699999999999998,0
47,5.25,-0.427416106,0.033314382,-1451.024242,0.197955877,-0.031449136,0.235138489,25.12780835,32.84783703,38.25747192,-7.720028675,-5.409634888,6.33,1.08,1
49,4.87,-0.516193257,0.029511076,-1269.351356,0.214990596,-0.038499868,0.248989048,42.21659324,41.04755568,40.75313529,1.169037564,0.294420386,5.12,0.25,1
59,5.43,-0.592921145,0.028614354,-1278.209855,0.220358195,-0.040232056,0.244623611,23.93961636,34.17984424,38.96563976,-10.24022788,-4.785795514,6.57,1.1400000000000006,1
60,5.5,-0.542007213,0.027005847,-1380.552987,0.218519667,-0.039708164,0.266421983,23.6371286,29.5645601,33.45905689,-5.927431497,-3.894496786,5.93,0.4299999999999997,1
63,4.31,-0.418437351,0.030623994,-1569.341798,0.202048728,-0.03221813,0.249155118,34.33597849,37.01689375,39.83744658,-2.680915267,-2.820552831,5.29,0.9800000000000004,1
64,4.51,-0.481127881,0.031028896,-1584.086575,0.201595214,-0.032691276,0.252062326,23.90948088,28.84598289,32.45685878,-4.936502004,-3.610875889,3.09,-1.42,0
65,4.43,-0.684938855,0.033204369,-1856.308983,0.178617941,-0.027008141,0.238533838,34.11285886,38.74132792,39.34707368,-4.628469066,-0.60574576,3.09,-1.3399999999999999,0
66,6.31,-0.602509843,0.068750689,-7755.279351,0.088505883,-0.006513941,0.251332869,40.09702402,38.31268499,39.48204868,1.784339026,-1.169363692,7.72,1.4100000000000001,1
67,6.19,-0.546949359,0.024643438,-1198.780506,0.232498834,-0.045909253,0.274014413,29.46860043,34.02989437,36.77366752,-4.56129394,-2.743773141,7.53,1.3399999999999999,1
68,6.05,-0.543633392,0.024894329,-1187.707961,0.230915242,-0.045538009,0.273345441,36.71833755,38.56302214,40.13885589,-1.844684586,-1.575833756,6.27,0.21999999999999975,1
69,5.83,-0.579278511,0.026061789,-1410.917726,0.211793715,-0.039135291,0.280924335,42.12226762,43.14469999,43.24477567,-1.02243237,-0.100075678,4.08,-1.75,0
71,3.22,-0.578859463,0.043255923,-1567.08752,0.176968096,-0.025697158,0.203255071,37.12617281,41.13808064,43.49079954,-4.011907833,-2.352718893,2.25,-0.9700000000000002,0
72,6.51,-0.922819484,0.035298748,-5710.738335,0.087287982,-0.006585794,0.187661077,19.93088262,29.01815568,32.45732918,-9.087273066,-3.439173495,5.82,-0.6899999999999995,0
83,4.06,-0.027206428,0.014548157,-5885.054471,0.090413802,-0.005897974,0.186717868,28.32654996,33.05896415,35.39381807,-4.732414196,-2.334853921,2.84,-1.2199999999999998,0
86,2.78,0.955798352,0.016834293,-939.5259918,0.182457476,0.02638667,0.117997001,25.00269635,29.76791347,32.5507536,-4.765217128,-2.782840128,3.79,1.0100000000000002,1
87,2.31,-0.587305217,0.055227423,-876.4111367,0.211985204,-0.033544871,0.132756059,23.69577527,29.0447492,32.63750145,-5.34897393,-3.59275225,2.95,0.6400000000000001,1
88,1.82,-0.746839397,0.064546432,-863.5386044,0.187756575,-0.027245769,0.105679809,33.22843134,38.76673656,39.96548733,-5.538305212,-1.198750775,1.25,-0.5700000000000001,0
89,2.45,-0.746839397,0.064546432,-863.5386044,0.187756575,-0.027245769,0.105679809,28.10222964,36.01069223,39.01516633,-7.908462584,-3.004474101,3.02,0.5699999999999998,1
90,2.61,-0.50351602,0.053171324,-708.2817852,0.230145944,-0.039047453,0.129941527,28.56655276,32.65870227,34.67539302,-4.092149505,-2.016690755,3.51,0.8999999999999999,1
91,3.34,-0.805440774,0.040658426,-844.8777843,0.207198171,-0.034903913,0.130950771,21.01422341,30.41680069,35.10323872,-9.402577274,-4.686438037,2.33,-1.0099999999999998,0
93,3.06,-0.803610681,0.143874029,-2683.153281,0.092158408,-0.00648693,0.083539678,28.75484898,37.66138009,41.2376753,-8.906531115,-3.576295202,3.7,0.6400000000000001,1
94,3.36,-0.540300917,0.053809543,-696.898598,0.2243277,-0.038453541,0.131169403,25.47198715,30.99006798,33.26204142,-5.518080831,-2.271973439,4.2,0.8400000000000003,1
95,3.43,-0.529330249,0.040930996,-727.9360984,0.240939029,-0.045074384,0.160740162,21.60620245,30.69190472,33.91814622,-9.085702278,-3.226241493,5.23,1.8000000000000003,1
98,1.93,-0.258048607,0.047129654,-843.6116285,0.20355855,-0.029656257,0.13306254,29.79712052,37.46301488,40.29918718,-7.66589436,-2.836172301,1.34,-0.5899999999999999,0
101,2.41,-0.274560771,0.05643278,-1018.433395,0.18458301,-0.024243337,0.126733963,20.08656107,29.34220934,33.6308189,-9.255648272,-4.288609564,2.95,0.54,1
102,2.43,-0.473107972,0.051880985,-950.9403812,0.206838439,-0.032029797,0.147605092,32.66537682,32.94678096,34.33648772,-0.281404139,-1.389706759,3.05,0.6199999999999997,1
103,2.73,-0.500749185,0.050902822,-971.9898015,0.206224489,-0.032198898,0.151318483,26.59300319,34.25347558,36.26412317,-7.660472396,-2.010647583,3.28,0.5499999999999998,1
104,2.93,-0.517679503,0.050150506,-985.9191034,0.205655636,-0.032277419,0.153909357,24.487677,30.35318311,32.8613972,-5.865506109,-2.508214095,2.02,-0.9100000000000001,0
105,2.51,-0.88780646,0.029577321,-1127.722825,0.180545002,-0.027979654,0.143479193,29.96599182,33.26045573,33.8826599,-3.294463911,-0.622204177,3.06,0.5500000000000003,1
106,2.69,-0.519350419,0.054202204,-1274.346804,0.179720262,-0.025317372,0.162841373,19.85184137,32.80775621,36.94387716,-12.95591484,-4.136120946,3.25,0.56,1
107,2.74,-0.519974524,0.05329841,-1295.722776,0.17927654,-0.025291641,0.165980059,20.71288935,27.4250011,32.03485209,-6.712111743,-4.609850995,3.38,0.6399999999999997,1
108,2.55,-0.532126722,0.051764397,-1331.577381,0.178765831,-0.025340809,0.17105647,26.61791049,34.89247133,38.10027878,-8.274560844,-3.207807451,3.11,0.56,1
109,2.69,-0.487801479,0.049647746,-1390.235043,0.178055468,-0.025083811,0.179296151,24.39800064,34.5948243,37.54177731,-10.19682366,-2.946953015,3.27,0.5800000000000001,1
110,2.88,-0.499042578,0.048389443,-1427.136556,0.177549455,-0.025129655,0.184576174,16.98504198,25.16950654,29.68119284,-8.184464564,-4.511686299,1.99,-0.8899999999999999,0
111,5.56,-0.918006336,0.03242358,-6515.607282,0.087527644,-0.006668335,0.213541096,29.61423355,37.54700474,40.35716569,-7.932771196,-2.810160952,3.76,-1.7999999999999998,0
112,4.66,-0.367167827,0.027582725,-1273.52744,0.21302181,-0.036670666,0.252221449,48.62533707,44.86080389,45.81547721,3.764533174,-0.954673322,5.61,0.9500000000000002,1
113,5.17,-0.419983826,0.028115306,-1299.916738,0.21260724,-0.037230738,0.257948636,32.03315033,38.29475016,40.53491054,-6.261599826,-2.240160383,6.34,1.17,1
114,4.99,-0.490833834,0.028960624,-1292.024122,0.212051547,-0.037842792,0.257059399,19.44552011,31.16688697,36.44043292,-11.72136686,-5.273545953,5.61,0.6200000000000001,1
116,4.63,-0.576688555,0.030756076,-1574.844701,0.194231564,-0.032373226,0.260189259,26.62337416,37.42397422,41.1310801,-10.80060006,-3.707105881,3.19,-1.44,0
117,3.42,-0.369935128,0.036663126,-1769.648176,0.173535932,-0.024369748,0.234126724,30.61261861,32.82833664,37.13989549,-2.215718029,-4.311558849,4.14,0.7199999999999998,1
118,3.13,-0.440971523,0.041922616,-1623.823026,0.173389598,-0.024543153,0.215028352,38.07255705,37.54815292,38.54775461,0.524404131,-0.999601691,3.78,0.6499999999999999,1
119,3.26,-0.509587853,0.04468784,-1543.896996,0.173168145,-0.024776061,0.204714624,34.38204212,37.53128068,39.40629533,-3.149238556,-1.875014651,3.94,0.6800000000000002,1
120,3.04,-0.522810095,0.043800966,-1573.270366,0.172644624,-0.024820767,0.209239409,25.61403616,31.19498303,34.13201782,-5.580946875,-2.937034789,3.72,0.6800000000000002,1
121,3.39,-0.49964031,0.042016562,-1640.842299,0.171834085,-0.024683095,0.219248274,31.68757261,36.22571276,37.20443857,-4.538140152,-0.978725808,4.35,0.9599999999999995,1
122,6.73,-0.757411202,0.064185008,-6759.969321,0.085268188,-0.006334412,0.227416857,21.92107964,34.40071922,39.56901292,-12.47963958,-5.168293699,8.14,1.4100000000000001,1
123,6.56,-0.551398079,0.022463052,-1310.224855,0.222411673,-0.044738355,0.313193299,27.95456712,35.73783364,38.10166008,-7.783266517,-2.36382644,10.56,4.000000000000001,1
128,4.65,-0.513520267,0.030379342,-1618.794078,0.193710573,-0.031887238,0.268353979,38.50884187,35.8759185,35.97981531,2.632923365,-0.103896808,5.77,1.1199999999999992,1
130,5.3,-0.505371735,0.028642164,-1715.063983,0.191662248,-0.031745166,0.28732663,35.19071464,36.83151372,37.01179542,-1.640799081,-0.180281698,6.45,1.1500000000000004,1
131,5.36,-0.532998407,0.028356681,-1728.274724,0.190915624,-0.031887915,0.290670911,22.34193508,32.82649471,36.38316058,-10.48455963,-3.556665875,3.74,-1.62,0
133,6.15,-0.929314471,0.020924676,-9021.408931,0.083750032,-0.006678048,0.309027703,30.99622487,36.12537568,37.67995755,-5.129150812,-1.55458187,7.55,1.3999999999999995,1
134,6.6,-0.517694009,0.022720598,-1301.959555,0.218407986,-0.043564077,0.317193151,29.83472113,35.96173194,38.01509612,-6.127010814,-2.053364171,7.92,1.3200000000000003,1
135,5.37,-0.403410878,0.02522412,-1428.756787,0.202590592,-0.035918337,0.297728409,38.99348315,44.13492767,47.51261483,-5.141444521,-3.377687164,6.46,1.0899999999999999,1
136,5.59,-0.465164774,0.025908882,-1432.62668,0.20203786,-0.036461926,0.299357221,18.1735738,30.16857993,36.98190155,-11.99500612,-6.813321617,6.85,1.2599999999999998,1
137,5.86,-0.528083324,0.025862485,-1441.49702,0.201374778,-0.037022411,0.30220682,28.9095706,32.92335152,35.78292998,-4.01378092,-2.859578458,7.09,1.2299999999999995,1
138,5.58,-0.53872769,0.02574612,-1445.277188,0.200209267,-0.036958225,0.304761159,27.83252448,37.74846057,40.85188537,-9.915936088,-3.103424807,3.87,-1.71,0
144,4.49,-0.502420598,0.033039587,-1134.582011,0.20462711,-0.036272497,0.234171539,16.02853465,28.62647227,36.2847103,-12.59793763,-7.658238027,3.12,-1.37,0
145,4.99,-0.563319674,0.03746377,-1302.393114,0.186038445,-0.030432572,0.224866763,30.90270441,36.21855073,38.16666413,-5.315846317,-1.948113402,6.1,1.1099999999999994,1
146,4.99,-0.544969713,0.030978409,-1203.426937,0.202514457,-0.036580302,0.250947919,27.06474817,31.24926207,34.18979973,-4.184513902,-2.940537657,6.04,1.0499999999999998,1
148,4.94,-0.534660451,0.030424143,-1227.485069,0.200473714,-0.036228567,0.258556475,20.90990034,31.56651842,36.03360548,-10.65661808,-4.467087057,6.04,1.0999999999999996,1
149,4.91,-0.523295373,0.029661946,-1260.402088,0.199445305,-0.036059892,0.266844388,31.6749762,32.96020004,34.87060264,-1.285223833,-1.910402607,4.56,-0.35000000000000053,0
151,3.36,-0.587533164,0.042049388,-1603.583549,0.162144455,-0.023832899,0.227226385,32.46529346,38.7709575,41.68031814,-6.305664042,-2.909360634,4.11,0.7500000000000004,1
152,3.28,-0.522332218,0.04113118,-1672.884152,0.161149766,-0.023455424,0.238491091,17.81679156,28.18991037,33.77595016,-10.3731188,-5.586039797,4.04,0.7600000000000002,1
153,3.42,-0.487414136,0.04010424,-1714.766321,0.160431991,-0.023240979,0.245545196,28.72955884,29.23317657,32.39574945,-0.50361773,-3.162572883,4.2,0.7800000000000002,1
154,3.66,-0.496795299,0.03885539,-1770.345798,0.1598799,-0.023296843,0.254370131,30.89597076,29.646587,31.40514573,1.249383764,-1.758558733,4.64,0.9799999999999995,1
155,3.39,-0.529747103,0.040734447,-1687.110358,0.159404534,-0.023286068,0.243147686,28.64569579,33.85040818,36.16720066,-5.204712389,-2.316792479,4.17,0.7799999999999998,1
156,3.59,-0.500988695,0.04004219,-1718.767455,0.158671399,-0.023087641,0.248846284,29.67816763,34.11747019,36.22500166,-4.439302554,-2.107531478,4.35,0.7599999999999998,1
157,3.61,-0.50586691,0.040258535,-1709.711925,0.158237909,-0.023043258,0.248214347,40.46875593,40.37810557,40.43815094,0.090650363,-0.060045376,2.5,-1.1099999999999999,0
159,5.06,-0.683156258,0.027793574,-961.9553653,0.214385798,-0.043500499,0.238901847,49.58812775,41.70524448,38.6730449,7.882883275,3.03219958,3.47,-1.5899999999999994,0
166,4.3,0.98670208,0.003910342,-1024.390904,0.181821769,0.030663537,0.1802667,38.7525871,35.51547256,37.13896214,3.237114535,-1.623489576,5.2,0.9000000000000004,1
167,4.38,-0.536518288,0.033684024,-1110.245997,0.208014772,-0.03707636,0.225436375,27.00041629,34.41629709,36.88795604,-7.415880801,-2.471658947,5.26,0.8799999999999999,1
168,4.53,-0.510974193,0.033406115,-1122.443464,0.207165091,-0.036723403,0.228838449,44.97147292,45.16257068,45.52969229,-0.191097759,-0.367121611,3.15,-1.3800000000000003,0
172,4.33,-0.086737136,0.043656403,-4971.852958,0.084978666,-0.005632651,0.167872135,25.55678574,31.38652814,34.44808793,-5.829742398,-3.061559787,5.07,0.7400000000000002,1
175,3.27,-0.722879012,0.045200196,-1290.999931,0.169706757,-0.025203826,0.174856087,26.40487109,31.30279853,33.80947726,-4.897927443,-2.506678728,3.93,0.6600000000000001,1
176,3.52,-0.481948819,0.038398031,-1282.282752,0.188027391,-0.030069273,0.219054001,16.27598642,23.13543174,27.01697178,-6.859445326,-3.881540041,4.28,0.7600000000000002,1
177,3.27,-0.929432687,0.015813339,-1515.9427,0.163057291,-0.026691463,0.213658635,49.95579814,39.21126923,34.75235745,10.74452891,4.45891178,2.28,-0.9900000000000002,0
179,6.62,-0.529970424,0.021925691,-1344.25458,0.204016107,-0.041450352,0.350552073,35.18009034,38.66295057,40.55303673,-3.482860224,-1.890086158,7.98,1.3600000000000003,1
180,6.35,-0.536697304,0.022898342,-1287.071547,0.202539994,-0.041007275,0.338104194,17.54903993,26.70895709,31.76638163,-9.159917163,-5.057424542,4.44,-1.9099999999999993,0
181,7.03,-0.395837495,0.023290604,-1532.203196,0.187335484,-0.033828084,0.345220673,17.87926656,26.05725489,30.16360409,-8.177988333,-4.106349194,4.5,-2.5300000000000002,0
182,5.8,-0.619487087,0.023618147,-1514.016626,0.186447719,-0.03582203,0.343149747,34.48019304,40.69531671,41.48656445,-6.215123673,-0.791247734,7.03,1.2300000000000004,1
183,5.27,-0.534264327,0.02621523,-1418.432439,0.184789171,-0.034361668,0.324390629,43.31100457,40.91209032,41.13047342,2.398914257,-0.218383102,5.34,0.07000000000000028,1
184,2.71,-0.523464025,0.054035028,-913.9068124,0.169159731,-0.026806818,0.173890145,22.68016235,28.29920582,33.07244423,-5.619043462,-4.773238415,1.81,-0.8999999999999999,0
187,3.41,-0.570886556,0.040240972,-1209.322264,0.17395402,-0.028491424,0.223593126,14.26990322,23.96926014,30.39298576,-9.699356925,-6.423725619,2.33,-1.08,0
189,4.1,-0.005183564,0.002466289,-8088.073745,0.077875572,-0.005171446,0.297996997,24.33448231,32.34538726,36.50742794,-8.010904951,-4.162040677,3.9,-0.19999999999999973,0
190,3.98,-0.496367521,0.044015695,-2405.839175,0.13914575,-0.017581586,0.258074118,27.83233687,32.15765585,35.80393716,-4.325318977,-3.646281316,4.85,0.8699999999999997,1
191,3.77,-0.547991204,0.037176746,-797.0712705,0.212520102,-0.04064281,0.200147847,14.72882265,23.91626834,29.21744444,-9.187445689,-5.301176095,4.61,0.8400000000000003,1
192,3.78,-0.523074348,0.036589265,-813.2761196,0.211294448,-0.040205919,0.205372573,27.14788652,27.85197956,29.3922505,-0.704093038,-1.540270937,4.62,0.8400000000000003,1
193,3.71,-0.526561744,0.037504716,-793.2669237,0.21021663,-0.039972533,0.201364252,26.30909955,34.73961756,38.17864787,-8.430518008,-3.439030311,4.4,0.6900000000000004,1
194,3.88,-0.821835671,0.034895971,-943.0109695,0.174508113,-0.030122518,0.173986459,43.33925879,47.07752025,45.38907605,-3.738261467,1.688444206,2.61,-1.27,0
195,2.61,-0.425117129,0.047182006,-1025.175689,0.17364591,-0.027048334,0.189950659,26.1194913,33.57288872,38.22651499,-7.453397419,-4.653626267,1.72,-0.8899999999999999,0
201,3.75,0.850998072,0.037423262,-1063.799469,0.160256738,0.021577591,0.151815175,6.208919747,14.13233153,19.78905795,-7.923411781,-5.65672642,4.72,0.9699999999999998,1
202,3.81,-0.517030451,0.036206263,-1035.309368,0.192903317,-0.034221121,0.227024939,20.29661147,24.28562588,25.97077746,-3.989014409,-1.685151575,5.97,2.1599999999999997,1
205,3.1,-0.756272689,0.034755544,-1128.62738,0.173404813,-0.029719289,0.209408174,41.0783437,41.57806068,39.27790274,-0.499716973,2.300157932,2.09,-1.0100000000000002,0
206,3.38,-0.005112755,0.00239996,-8202.195076,0.077245217,-0.005142361,0.304665363,19.8276287,24.67058008,27.10528603,-4.842951386,-2.434705942,4.1,0.7199999999999998,1
207,3.67,-0.502323435,0.039590036,-752.6771766,0.21107488,-0.039666731,0.190323954,29.02058944,34.69489367,35.7708666,-5.674304236,-1.075972932,4.51,0.8399999999999999,1
208,3.6,-0.537717129,0.039831337,-746.0156351,0.21026927,-0.039906469,0.189375857,16.77596835,27.32720878,31.61337194,-10.55124043,-4.286163167,4.48,0.8800000000000003,1
214,1.67,-0.341722524,0.063664984,-994.732865,0.164452945,-0.022059444,0.139277427,20.40764331,28.9706848,34.12206143,-8.563041497,-5.151376622,2.04,0.3700000000000001,1
215,1.78,-0.364216222,0.066272806,-978.5880518,0.164427147,-0.022148994,0.137048383,32.08676007,32.49846316,35.17343455,-0.411703086,-2.674971389,2.19,0.4099999999999999,1
216,1.67,-0.406181355,0.067931737,-987.2770638,0.164349798,-0.022357583,0.138330593,33.57703551,37.5994049,38.98529233,-4.02236939,-1.385887427,2.02,0.3500000000000001,1
217,1.51,-0.459527023,0.073502326,-935.6109609,0.164262835,-0.02253909,0.131191036,38.9068231,39.56836635,40.62663671,-0.661543242,-1.058270367,1.85,0.3400000000000001,1
218,1.99,-0.463427318,0.071367994,-964.4656136,0.163815466,-0.022537762,0.135590771,20.34321373,28.52659768,32.58095743,-8.183383946,-4.054359754,1.34,-0.6499999999999999,0
219,4.17,-0.463427318,0.071367994,-964.4656136,0.163815466,-0.022537762,0.135590771,31.06046375,34.69570864,36.79154834,-3.635244887,-2.095839694,5.14,0.9699999999999998,1
223,3.03,-0.410781277,0.04428095,-1083.084287,0.184865694,-0.028677968,0.188775313,49.79215596,44.98820304,44.24545484,4.803952924,0.742748197,2.11,-0.9199999999999999,0
229,3.32,-0.448384015,0.225306076,-2441.583202,0.085976483,-0.00579664,0.081624849,36.70981137,40.29180893,41.780823,-3.581997561,-1.48901407,5.09,1.77,1
230,2.27,-0.056301366,0.020238439,-944.1277712,0.170714494,-0.02069054,0.127528381,19.01751316,26.16966697,29.83162662,-7.152153815,-3.661959647,3.09,0.8199999999999998,1
236,1.82,-0.949184887,0.039854316,-881.0380964,0.151845753,-0.020089769,0.087069564,20.01453816,29.03280222,32.8359655,-9.018264054,-3.803163286,1.27,-0.55,0
237,3.74,-0.984716978,0.014312118,-4748.611616,0.086371944,-0.006624933,0.157883661,22.76286393,30.00699664,34.12790978,-7.244132714,-4.120913132,4.29,0.5499999999999998,1
239,2.63,-0.678699886,0.050065147,-1250.675557,0.172586848,-0.025248051,0.167037164,20.08776319,29.3830076,33.35257945,-9.295244408,-3.969571851,3.22,0.5900000000000003,1
240,2.49,-0.502490502,0.054831015,-1260.87746,0.171801038,-0.024171011,0.169130869,29.52962022,32.04343264,34.46542223,-2.513812421,-2.421989594,3.08,0.5899999999999999,1
241,2.21,-0.523130854,0.055481383,-1245.137623,0.17131605,-0.024194485,0.167502328,19.33578247,28.58860564,32.19114521,-9.252823175,-3.602539573,2.78,0.5699999999999998,1
242,2.37,-0.487696306,0.05488093,-1258.38203,0.170602396,-0.023934051,0.169976287,21.81164912,27.44972971,30.53959073,-5.638080589,-3.089861026,1.64,-0.7300000000000002,0
244,3.63,-0.628878496,0.036379065,-781.6401067,0.220882484,-0.043066664,0.189317797,48.89634196,41.98306384,40.54323564,6.913278123,1.439828198,4.37,0.7400000000000002,1
245,3.89,-0.497887474,0.036945145,-806.0915552,0.219256604,-0.041255204,0.196588115,24.11885893,29.35959822,32.01056391,-5.240739297,-2.650965684,4.86,0.9700000000000002,1
246,3.96,-0.530162025,0.036094327,-823.981182,0.218388148,-0.041569239,0.201731046,13.48839376,21.21364857,25.44766832,-7.72525481,-4.23401975,2.75,-1.21,0
247,3.59,-0.477126121,0.046550709,-805.4529792,0.201849738,-0.034562387,0.169299066,26.02503302,32.2550223,35.55990027,-6.229989279,-3.304877972,4.89,1.2999999999999998,1
248,3.24,-0.681039499,0.037603566,-903.2905697,0.199482386,-0.036501342,0.192044255,21.80956847,32.37071092,35.5506752,-10.56114245,-3.179964276,2.21,-1.0300000000000002,0
249,2.6,-0.163142177,0.030886523,-969.3198388,0.181502145,-0.026044134,0.172089907,18.95033574,23.0873357,26.7869284,-4.136999956,-3.699592703,3.23,0.6299999999999999,1
250,2.54,-0.220578737,0.036152732,-1001.087816,0.181572257,-0.026629226,0.177652611,25.72052417,28.65182197,30.10999609,-2.931297797,-1.458174119,3.2,0.6600000000000001,1
251,2.73,-0.270959213,0.040298238,-1006.594216,0.181539518,-0.027038302,0.178670453,26.62423368,30.49133176,31.6898774,-3.86709808,-1.198545636,3.36,0.6299999999999999,1
252,2.71,-0.315427017,0.044985625,-970.5415806,0.181485621,-0.027291199,0.172361654,33.65406803,35.73255556,35.9317353,-2.078487527,-0.199179742,3.26,0.5499999999999998,1
253,2.39,-0.391627583,0.054012961,-877.6671586,0.181375394,-0.027624239,0.156057515,19.03190026,28.87786613,33.69240601,-9.845965868,-4.814539874,3.74,1.35,1
254,3.85,-0.394049507,0.089287845,-5951.924434,0.080882259,-0.005718166,0.211239629,59.03986248,51.50397288,48.53129313,7.535889595,2.972679749,2.67,-1.1800000000000002,0
262,4.3,0.984393688,0.005822657,-1122.702973,0.161943227,0.023957945,0.158293626,30.85070417,34.50979202,34.16007422,-3.659087853,0.3497178,5.21,0.9100000000000001,1
263,4.08,-0.521705848,0.033598611,-1114.924666,0.201894852,-0.035963881,0.233917746,29.00316718,32.2698563,35.59632783,-3.266689115,-3.326471532,4.9,0.8200000000000003,1
264,4.14,-0.486624965,0.033333284,-1122.618854,0.201121616,-0.03552638,0.236415707,35.43324405,30.79856709,32.03580054,4.634676959,-1.237233446,4.99,0.8500000000000005,1
265,4.44,-0.499324412,0.032553531,-1150.462793,0.200435146,-0.035628688,0.243084319,34.56666148,32.23486935,32.04005551,2.33179213,0.194813839,5.46,1.0199999999999996,1
266,4.47,-0.514347009,0.030807346,-1214.780587,0.199611707,-0.03585232,0.257676242,9.546857317,16.88480774,20.75933615,-7.337950422,-3.874528415,4.74,0.27000000000000046,1
267,4.42,-0.519068284,0.03623092,-1359.17055,0.181491522,-0.029563053,0.241092582,33.57461471,36.81673661,38.53784792,-3.242121901,-1.721111307,3.08,-1.3399999999999999,0
268,3.79,-0.486852842,0.035928287,-1369.099406,0.180744653,-0.029242449,0.243839925,29.27025515,33.76901941,36.26415777,-4.498764256,-2.495138358,3.21,-0.5800000000000001,0
271,4.75,-0.572029038,0.029459096,-1253.196922,0.194288178,-0.035693146,0.273066007,17.06446046,25.32024627,29.45128143,-8.255785817,-4.131035162,7.39,2.6399999999999997,1
272,5.29,-0.425702701,0.028994316,-1655.557511,0.176318766,-0.028805816,0.302042679,17.67179283,23.67250986,27.31353022,-6.00071703,-3.641020363,6.41,1.12,1
273,4.98,-0.507494377,0.028059421,-1330.88766,0.193114712,-0.035135206,0.291664654,36.54700378,36.02901879,36.38327541,0.517984988,-0.354256614,3.39,-1.5900000000000003,0
274,3.91,-0.685866031,0.034320557,-1291.463879,0.174605473,-0.029664969,0.238468181,37.73825476,42.28564723,42.52416713,-4.547392463,-0.238519901,2.7,-1.21,0
275,2.76,-0.788744923,0.036044987,-1417.668376,0.153331601,-0.02358063,0.213186994,30.93649668,37.59864681,38.90344428,-6.662150136,-1.304797468,3.33,0.5700000000000003,1
276,2.83,-0.500261251,0.048922844,-1410.086141,0.151912497,-0.021769709,0.213952175,35.56428787,37.28432002,38.48980867,-1.720032145,-1.205488653,3.57,0.7399999999999998,1
277,3.11,-0.510008899,0.046528775,-1481.798043,0.151353716,-0.021844443,0.225616656,27.30563557,34.56144805,37.90419457,-7.255812478,-3.342746518,3.76,0.6499999999999999,1
278,3.26,-0.511585576,0.04495996,-1532.653746,0.150854615,-0.021859066,0.234098793,30.00371042,35.87658943,38.08612929,-5.872879008,-2.209539859,2.24,-1.0199999999999996,0
279,5.27,-0.391130772,0.091202597,-5811.361125,0.075442237,-0.005353922,0.2211711,12.37522558,25.22498205,31.54948263,-12.84975647,-6.324500583,7.5,2.2300000000000004,1
280,4.87,-0.438640984,0.029482683,-1246.854281,0.18411203,-0.032802849,0.286948658,27.33455594,32.53520369,35.70794121,-5.200647749,-3.172737525,5.88,1.0099999999999998,1
281,5.17,-0.498320699,0.028891962,-1291.392751,0.183479112,-0.033390169,0.298197308,22.34649597,26.86176535,30.03834712,-4.515269382,-3.176581768,6.07,0.9000000000000004,1
285,4.47,-0.646073131,0.030672841,-1505.334057,0.167769909,-0.028829267,0.289023626,39.94231515,37.81094205,35.57745668,2.131373102,2.233485369,3.12,-1.3499999999999996,0
292,3.7,-0.61054238,0.037764327,-1262.35179,0.173493283,-0.028834497,0.23457981,18.47694315,27.31721409,31.74334946,-8.840270946,-4.426135367,4.99,1.29,1
293,2.83,-0.769561683,0.038856583,-1379.097564,0.152772965,-0.023307356,0.208161511,40.15652232,41.49353398,38.99762631,-1.33701166,2.495907669,3.4,0.5699999999999998,1
294,2.38,-0.523276576,0.0521399,-1323.202206,0.151503499,-0.021704334,0.201368592,27.55101686,34.75889585,38.04520654,-7.207878991,-3.286310686,2.9,0.52,1
295,2.36,-0.469609754,0.051935871,-1323.44081,0.15087969,-0.021370889,0.202222393,37.49956561,37.37804908,37.93308474,0.121516539,-0.555035664,2.85,0.4900000000000002,1
296,2.35,-0.488730276,0.055460647,-1244.396032,0.150476021,-0.021298602,0.190708847,29.19483368,35.84650447,38.84166074,-6.651670791,-2.995156275,2.83,0.48,1
297,2.33,-0.484654717,0.054729493,-1260.13292,0.150054309,-0.021246538,0.193648762,27.00511205,30.21474274,33.29751393,-3.209630696,-3.082771185,1.6,-0.73,0
298,5.16,-0.539964615,0.027753467,-1339.742145,0.181352407,-0.03360009,0.312941793,22.8370912,29.14785421,32.87088982,-6.310763007,-3.723035609,3.6,-1.56,0
308,3.37,-0.13143549,0.020501968,-1746.177262,0.146502971,-0.019554594,0.274386356,50.85739056,44.01438348,42.94925308,6.843007076,1.065130401,4.07,0.7000000000000002,1
309,3.3,-0.174509774,0.024617352,-1763.408202,0.146407127,-0.019870795,0.277281071,28.12295501,35.38454891,37.59449479,-7.2615939,-2.209945882,2.08,-1.2199999999999998,0
311,4.19,-0.330741607,0.029996671,-1121.496027,0.187122088,-0.031895948,0.254053644,25.29789982,39.11724495,46.05279368,-13.81934513,-6.935548729,5.35,1.1599999999999993,1
312,4.45,-0.405025046,0.031815515,-1135.994235,0.186682508,-0.032548763,0.257954624,19.3844074,28.25944492,34.13531363,-8.875037513,-5.875868712,3.05,-1.4000000000000004,0
313,4.04,-0.514853981,0.041091783,-1199.916842,0.170073054,-0.027509993,0.22746638,23.97671851,28.9441597,32.04073766,-4.967441186,-3.096577962,6.28,2.24,1
326,3.23,-0.614734001,0.040669834,-1170.366931,0.177440455,-0.029243204,0.212756094,27.65617823,35.32970847,38.71381775,-7.673530235,-3.384109279,3.38,0.1499999999999999,1
331,4.61,0.93154918,0.022285177,-1009.892163,0.158109658,0.02217668,0.145599459,47.75587018,44.49744608,44.37458483,3.258424094,0.122861253,5.74,1.13,1
332,4.52,-0.519264365,0.031323431,-1194.445059,0.19496149,-0.035091522,0.259746797,37.41133245,37.4484487,38.48677445,-0.037116246,-1.038325746,6.02,1.5,1
335,1.99,-0.412287748,0.058736594,-1144.257671,0.15540623,-0.021444762,0.170097052,17.63547821,27.79924232,34.65372951,-10.16376412,-6.854487188,2.41,0.42000000000000015,1
336,1.98,-0.476427186,0.061541065,-1121.213017,0.155240248,-0.021693106,0.166886301,15.60468763,24.12754706,30.58125204,-8.52285943,-6.453704984,2.39,0.41000000000000014,1
337,2.18,-0.491894916,0.059646697,-1159.149314,0.154733956,-0.021751119,0.173060851,9.889712457,18.46535102,25.34827656,-8.575638566,-6.882925539,2.66,0.48,1
338,2.31,-0.456778988,0.060175517,-1140.451831,0.154445941,-0.021524324,0.17059357,25.0714537,24.20504468,27.73176611,0.866409014,-3.526721426,2.8,0.48999999999999977,1
339,2.2,-0.537686686,0.057188542,-1206.274,0.154090772,-0.021949208,0.180811001,21.52241148,23.17504456,26.02273993,-1.652633077,-2.84769537,1.53,-0.6700000000000002,0
341,4.91,-0.687987185,0.029889312,-1478.280928,0.175394604,-0.030256576,0.271878134,22.19618334,32.42692801,36.41531068,-10.23074467,-3.988382663,5.93,1.0199999999999996,1
342,4.75,-0.528537998,0.030896109,-1209.462978,0.190163754,-0.034463005,0.26994996,39.63234522,41.46374948,42.64702264,-1.831404256,-1.183273168,5.18,0.4299999999999997,1
347,3.1,-0.51776404,0.042460166,-885.5312708,0.202950832,-0.035362029,0.185707881,15.31510258,27.09777793,32.89233801,-11.78267535,-5.794560081,3.94,0.8399999999999999,1
348,3.06,-0.467674258,0.041587682,-898.863734,0.202197673,-0.034816967,0.189151373,26.05640149,28.60655853,32.01854168,-2.550157038,-3.41198315,3.9,0.8399999999999999,1
349,3.5,-0.48201598,0.038791203,-965.9401255,0.20146575,-0.035042763,0.203884201,16.7413117,21.58105422,25.94789102,-4.839742522,-4.366836802,4.26,0.7599999999999998,1
350,3.65,-0.470133369,0.036138206,-1033.25883,0.200882497,-0.035050775,0.218602319,34.51953434,32.1653727,32.69564186,2.354161637,-0.530269157,2.54,-1.1099999999999999,0
352,1.86,-0.402312259,0.060205208,-1109.885453,0.163828993,-0.022430944,0.156588544,28.06663397,38.55912405,42.9166364,-10.49249008,-4.357512355,1.28,-0.5800000000000001,0
354,2.75,-0.402312259,0.060205208,-1109.885453,0.163828993,-0.022430944,0.156588544,13.35389327,23.11902033,28.52019329,-9.765127056,-5.401172967,3.35,0.6000000000000001,1
355,2.43,-0.515144814,0.050984069,-1355.601616,0.164491657,-0.023410065,0.190282022,29.84683105,34.28257742,36.17552286,-4.435746365,-1.892945445,4.23,1.8000000000000003,1
361,2.93,-0.208167965,0.032314023,-1079.223659,0.185734989,-0.027239865,0.187694919,24.75957099,28.9696623,34.18550721,-4.210091309,-5.215844915,1.99,-0.9400000000000002,0
363,2.19,-0.110923345,0.07540963,-3457.033728,0.083098963,-0.005433977,0.119589827,19.78472508,27.01833367,31.44122696,-7.233608593,-4.422893292,2.63,0.43999999999999995,1
364,2.23,-0.495174166,0.059140634,-1170.189911,0.166442876,-0.023309281,0.162486748,26.90400759,35.48454442,38.59707205,-8.58053683,-3.112527632,2.77,0.54,1
365,2.26,-0.491665281,0.057834872,-1195.923363,0.166011841,-0.02327035,0.166463304,14.18061937,23.9131434,29.15775366,-9.732524029,-5.244610258,3.65,1.3900000000000001,1
366,2.72,-0.613556105,0.05922221,-1735.160818,0.142915736,-0.017876749,0.181846253,37.24384025,38.11862446,38.42678642,-0.874784206,-0.308161959,3.34,0.6199999999999997,1
367,2.89,-0.502378314,0.048708215,-772.9335979,0.201213609,-0.034588781,0.163683896,30.71917101,36.33224389,38.09860519,-5.613072883,-1.766361293,3.57,0.6799999999999997,1
368,2.81,-0.518079341,0.048944809,-769.2889413,0.200621116,-0.034626024,0.163403438,26.92710159,33.01237816,36.19835821,-6.085276572,-3.185980055,3.39,0.5800000000000001,1
369,2.76,-0.507100376,0.048220248,-780.7653047,0.199891009,-0.034444458,0.16641103,28.09556439,34.36250578,36.94834975,-6.266941397,-2.585843973,1.93,-0.8299999999999998,0
371,5.14,-0.238893859,0.026246132,-3078.891435,0.142853008,-0.017582089,0.322094161,26.90313442,36.64798324,43.90290325,-9.744848818,-7.25492001,6.57,1.4300000000000006,1
372,5.45,-0.522820164,0.026735436,-1396.437289,0.204062075,-0.037253956,0.29032663,15.31532263,28.82839936,35.31887057,-13.51307673,-6.490471208,6.61,1.1600000000000001,1
373,5.54,-0.524061742,0.026497564,-1408.424266,0.202974213,-0.037133528,0.294365933,26.3631853,30.57573918,33.57241687,-4.212553877,-2.996677698,6.18,0.6399999999999997,1
375,3.96,-0.781864397,0.018329336,-2015.874898,0.181727878,-0.033567809,0.357432701,33.44777452,33.4843406,30.98873144,-0.036566076,2.495609155,4.77,0.8099999999999996,1
376,3.55,-0.516204087,0.036285462,-1357.906338,0.180534236,-0.029400857,0.242712996,41.64076649,41.49718438,40.84331043,0.143582112,0.653873954,4.27,0.7199999999999998,1
377,4.26,-0.48504093,0.036260283,-1356.477936,0.179801191,-0.029066466,0.243430374,22.46892704,30.84074503,35.38497077,-8.371817989,-4.544225742,2.94,-1.3199999999999998,0
378,2.2,-0.793950324,0.042487633,-1200.979699,0.159601779,-0.024147032,0.173921854,27.75203456,29.98988509,31.55620912,-2.237850524,-1.566324036,1.5,-0.7000000000000002,0
379,2.38,-0.685556003,0.183457383,-2722.726512,0.079330637,-0.005527864,0.098727742,22.25659925,29.88055694,34.153779,-7.623957689,-4.273222062,2.88,0.5,1
380,2.32,-0.473529143,0.053694481,-1282.649964,0.157607903,-0.022206235,0.187908571,26.89704344,29.21981458,31.97049158,-2.32277114,-2.750676994,4.16,1.8400000000000003,1
383,2.2,-0.794874547,0.043265971,-651.6078953,0.193831353,-0.035996544,0.143608103,28.34936208,31.01328458,31.55765348,-2.663922497,-0.544368903,2.7,0.5,1
384,2.4,-0.502257169,0.057085503,-660.2587771,0.192690984,-0.032875739,0.146184288,21.90001594,31.94564389,35.90591745,-10.04562795,-3.960273565,2.9,0.5,1
385,2.5,-0.495225417,0.053941743,-697.955282,0.192148738,-0.032844314,0.15486468,9.95662365,21.2643104,27.53117019,-11.30768675,-6.266859793,3.12,0.6200000000000001,1
386,2.84,-0.500242589,0.049123769,-765.9789078,0.191490224,-0.032993071,0.170378967,23.936755,29.17858744,31.08889062,-5.241832442,-1.910303177,1.92,-0.9199999999999999,0
388,2.43,0.982472056,0.01117672,-470.6775031,0.171436385,0.029798244,0.086409703,27.05524032,34.26801747,36.34853346,-7.21277715,-2.080515987,1.63,-0.8000000000000003,0
391,3.43,-0.192010369,0.07364469,-5105.125285,0.078624677,-0.005361154,0.186510631,36.08037396,38.03529498,40.52836715,-1.954921024,-2.493072165,4.34,0.9099999999999997,1
392,3.34,-0.52304483,0.040469793,-927.6904608,0.192544565,-0.033874519,0.20489492,23.47639267,33.76666339,37.88824832,-10.29027072,-4.121584926,2.26,-1.08,0
399,2.08,0.817186294,0.072037024,-461.1690465,0.184399907,0.028534378,0.078745713,23.00368647,29.46460902,33.20919532,-6.460922554,-3.744586296,2.61,0.5299999999999998,1
400,2.24,-0.484570142,0.057500438,-654.5281079,0.201489554,-0.034108222,0.138664643,20.13480202,26.18861179,29.77440155,-6.05380977,-3.585789764,2.79,0.5499999999999998,1
401,2.25,-0.496467949,0.059126934,-637.6633344,0.200951347,-0.034076985,0.135496846,34.88352483,37.72780459,38.32950669,-2.844279764,-0.601702094,2.72,0.4700000000000002,1
402,2.35,-0.502792558,0.05819069,-648.1145914,0.200395596,-0.034076539,0.138070948,27.85675049,33.4478913,35.63669185,-5.591140805,-2.188800555,2.62,0.27,1
412,2.15,-0.364482204,0.053619343,-863.1679698,0.185620174,-0.028009683,0.150526016,16.96635076,30.2831712,36.93810115,-13.31682044,-6.654929945,1.49,-0.6599999999999999,0
425,2.56,-0.548664055,0.062487785,-790.9133724,0.191172757,-0.029952755,0.134129667,25.11044083,32.71721102,36.68838463,-7.606770195,-3.971173602,4.07,1.5100000000000002,1
426,2.19,-0.370062234,0.053995485,-861.9229085,0.190753271,-0.028774141,0.146303646,34.19218481,39.19073346,40.89203227,-4.998548645,-1.701298811,2.7,0.5100000000000002,1
427,2.25,-0.433733075,0.056827354,-856.596794,0.190595525,-0.029192698,0.145549223,12.6909907,24.19590686,30.39175445,-11.50491616,-6.19584759,2.71,0.45999999999999996,1
428,2.26,-0.49266601,0.057989872,-854.2518974,0.190393612,-0.029573672,0.145327387,37.08362311,40.70231762,41.82980942,-3.618694502,-1.127491806,2.74,0.4800000000000004,1
429,2.44,-0.512158867,0.057465738,-862.7664506,0.189835073,-0.02964872,0.147196915,21.52013655,31.82749302,35.79546511,-10.30735647,-3.967972087,3.04,0.6000000000000001,1
430,2.18,-0.536542719,0.057713379,-857.3751064,0.189265378,-0.029727623,0.146730463,19.12036508,25.67489525,29.58429734,-6.554530177,-3.909402086,1.51,-0.6700000000000002,0
434,2.74,-0.987325157,0.009268497,-6773.368571,0.083623374,-0.006642258,0.23264251,27.96507809,33.36396689,35.65172066,-5.398888802,-2.287753766,3.3,0.5599999999999996,1
435,2.86,-0.482760076,0.046536496,-806.9478644,0.203308568,-0.034848481,0.169062518,31.52285621,34.27374705,36.28806323,-2.750890835,-2.014316179,4.25,1.3900000000000001,1
436,2.57,-0.458124697,0.071678173,-959.9362121,0.165884313,-0.022772174,0.133925107,32.76093323,34.52449996,36.89836311,-1.763566728,-2.373863148,3.18,0.6100000000000003,1
437,2.43,-0.548570809,0.055111348,-895.0880863,0.184939234,-0.029256917,0.156677929,16.60977069,25.04564598,29.34399975,-8.435875295,-4.298353771,1.62,-0.81,0
