Date,residuals,dow,month,dom,yest_volume,yest_p_diff,CNN-2,CNN-dif-2,y_lag_1,y_lag_2,y_lag_3,y_lag_4,y_lag_5,y_lag_6
2022-09-15,-8.16778743743896,3,9,15,103084800.0,0.0036829546633468614,42.0,5.0,-1.8796199798583757,-20.530079269409157,2.285757751464871,0.9509130477905501,-3.7051373672485397,-0.09667751312258588
2022-09-16,-6.2212519073486305,4,9,16,73278490.0,0.016188392742246868,41.0,-1.0,-8.16778743743896,-1.8796199798583757,-20.530079269409157,2.285757751464871,0.9509130477905501,-3.7051373672485397
2022-09-19,2.2052944183349723,0,9,19,77274880.0,-0.0025254497643782117,35.0,-6.0,-6.2212519073486305,-8.16778743743896,-1.8796199798583757,-20.530079269409157,2.285757751464871,0.9509130477905501
2022-09-20,-3.9731723403930914,1,9,20,106746600.0,-0.023106070643101374,36.0,1.0,2.2052944183349723,-6.2212519073486305,-8.16778743743896,-1.8796199798583757,-20.530079269409157,2.285757751464871
2022-09-21,-5.6571916198730605,2,9,21,89472640.0,-0.0063064507508950795,36.0,0.0,-3.9731723403930914,2.2052944183349723,-6.2212519073486305,-8.16778743743896,-1.8796199798583757,-20.530079269409157
2022-09-22,-3.954140930175754,3,9,22,122346900.0,-0.007147710286723728,27.0,-9.0,-5.6571916198730605,-3.9731723403930914,2.2052944183349723,-6.2212519073486305,-8.16778743743896,-1.8796199798583757
2022-09-23,-6.574333000183117,4,9,23,92581240.0,-0.005764321594246721,24.0,-3.0,-3.954140930175754,-5.6571916198730605,-3.9731723403930914,2.2052944183349723,-6.2212519073486305,-8.16778743743896
2022-09-26,-6.229873123168943,0,9,26,108294100.0,-0.012769002146513254,22.0,-2.0,-6.574333000183117,-3.954140930175754,-5.6571916198730605,-3.9731723403930914,2.2052944183349723,-6.2212519073486305
2022-09-27,-2.073132629394536,1,9,27,110802200.0,0.016597846328232472,18.0,-4.0,-6.229873123168943,-6.574333000183117,-3.954140930175754,-5.6571916198730605,-3.9731723403930914,2.2052944183349723
2022-09-28,5.448273925781223,2,9,28,112952300.0,-0.011080790539981757,17.0,-1.0,-2.073132629394536,-6.229873123168943,-6.574333000183117,-3.954140930175754,-5.6571916198730605,-3.9731723403930914
2022-09-29,-8.518627128601054,3,9,29,153711200.0,-0.01293465479590124,17.0,0.0,5.448273925781223,-2.073132629394536,-6.229873123168943,-6.574333000183117,-3.954140930175754,-5.6571916198730605
2022-09-30,-6.858345336914056,4,9,30,89756480.0,0.015084149368538854,13.0,-4.0,-8.518627128601054,5.448273925781223,-2.073132629394536,-6.229873123168943,-6.574333000183117,-3.954140930175754
2022-10-03,5.475232467651381,0,10,3,103602800.0,0.014736619308410852,16.0,3.0,-6.858345336914056,-8.518627128601054,5.448273925781223,-2.073132629394536,-6.229873123168943,-6.574333000183117
2022-10-04,8.720005722045926,1,10,4,88065670.0,0.009811981224641303,20.0,4.0,5.475232467651381,-6.858345336914056,-8.518627128601054,5.448273925781223,-2.073132629394536,-6.229873123168943
2022-10-05,-4.54739681243899,2,10,5,82333540.0,-0.006484458735262637,28.0,8.0,8.720005722045926,5.475232467651381,-6.858345336914056,-8.518627128601054,5.448273925781223,-2.073132629394536
2022-10-06,-6.423810768127453,3,10,6,107789500.0,-0.01703464814355414,30.0,2.0,-4.54739681243899,8.720005722045926,5.475232467651381,-6.858345336914056,-8.518627128601054,5.448273925781223
2022-10-07,-13.85169979095457,4,10,7,76042770.0,-0.010943836453530354,23.0,-7.0,-6.423810768127453,-4.54739681243899,8.720005722045926,5.475232467651381,-6.858345336914056,-8.518627128601054
2022-10-10,-6.762896041870135,0,10,10,92482790.0,-0.0013836864762117867,20.0,-3.0,-13.85169979095457,-6.423810768127453,-4.54739681243899,8.720005722045926,5.475232467651381,-6.858345336914056
2022-10-11,-5.396471748352042,1,10,11,76991800.0,-0.004515369082342421,19.0,-1.0,-6.762896041870135,-13.85169979095457,-6.423810768127453,-4.54739681243899,8.720005722045926,5.475232467651381
2022-10-12,-5.8044027709960915,2,10,12,147254500.0,0.045809765827800206,17.0,-2.0,-5.396471748352042,-6.762896041870135,-13.85169979095457,-6.423810768127453,-4.54739681243899,8.720005722045926
2022-10-13,5.315953941345242,3,10,13,123737000.0,-0.030534351145038212,16.0,-1.0,-5.8044027709960915,-5.396471748352042,-6.762896041870135,-13.85169979095457,-6.423810768127453,-4.54739681243899
2022-10-14,-13.00414573669434,4,10,14,93168230.0,0.007660432909874059,19.0,3.0,5.315953941345242,-5.8044027709960915,-5.396471748352042,-6.762896041870135,-13.85169979095457,-6.423810768127453
2022-10-17,5.6309254837036065,0,10,17,97162850.0,-0.010777894538301943,16.0,-3.0,-13.00414573669434,5.315953941345242,-5.8044027709960915,-5.396471748352042,-6.762896041870135,-13.85169979095457
2022-10-18,1.5840262222289994,1,10,18,79746860.0,-0.0013297150610583693,23.0,7.0,5.6309254837036065,-13.00414573669434,5.315953941345242,-5.8044027709960915,-5.396471748352042,-6.762896041870135
2022-10-19,-4.620965003967285,2,10,19,88283090.0,-0.00717002818751525,29.0,6.0,1.5840262222289994,5.6309254837036065,-13.00414573669434,5.315953941345242,-5.8044027709960915,-5.396471748352042
2022-10-20,-4.66047843933103,3,10,20,131038400.0,0.024499719468861085,29.0,0.0,-4.620965003967285,1.5840262222289994,5.6309254837036065,-13.00414573669434,5.315953941345242,-5.8044027709960915
2022-10-21,5.618074455261251,4,10,21,85436910.0,0.007865494760735921,39.0,10.0,-4.66047843933103,-4.620965003967285,1.5840262222289994,5.6309254837036065,-13.00414573669434,5.315953941345242
2022-10-24,2.655060882568364,0,10,24,78846350.0,0.015925387093422,44.0,5.0,5.618074455261251,-4.66047843933103,-4.620965003967285,1.5840262222289994,5.6309254837036065,-13.00414573669434
2022-10-25,2.579444808959977,1,10,25,104087300.0,0.0010470655986596965,47.0,3.0,2.655060882568364,5.618074455261251,-4.66047843933103,-4.620965003967285,1.5840262222289994,5.6309254837036065
2022-10-26,-4.307173233032245,2,10,26,81971760.0,-0.008132006947734026,51.0,4.0,2.579444808959977,2.655060882568364,5.618074455261251,-4.66047843933103,-4.620965003967285,1.5840262222289994
2022-10-27,-4.444840927124005,3,10,27,100302000.0,0.023520641612256383,54.0,3.0,-4.307173233032245,2.579444808959977,2.655060882568364,5.618074455261251,-4.66047843933103,-4.620965003967285
2022-10-28,6.796464462280255,4,10,28,96631260.0,-0.0005955309287693695,55.0,1.0,-4.444840927124005,-4.307173233032245,2.579444808959977,2.655060882568364,5.618074455261251,-4.66047843933103
2022-10-31,-3.869699516296407,0,10,31,85407600.0,-0.014615624674919392,57.0,2.0,6.796464462280255,-4.444840927124005,-4.307173233032245,2.579444808959977,2.655060882568364,5.618074455261251
2022-11-01,-4.943056564331073,1,11,1,126990400.0,-0.02408835062821771,64.0,7.0,-3.869699516296407,6.796464462280255,-4.444840927124005,-4.307173233032245,2.579444808959977,2.655060882568364
2022-11-02,-12.715430145263667,2,11,2,87100120.0,-0.0012263820382199511,64.0,0.0,-4.943056564331073,-3.869699516296407,6.796464462280255,-4.444840927124005,-4.307173233032245,2.579444808959977
2022-11-03,-9.562246551513681,3,11,3,103505200.0,-0.0017271157167529619,55.0,-9.0,-12.715430145263667,-4.943056564331073,-3.869699516296407,6.796464462280255,-4.444840927124005,-4.307173233032245
2022-11-04,1.2372156143188704,4,11,4,68286950.0,0.0058955125674431084,56.0,1.0,-9.562246551513681,-12.715430145263667,-4.943056564331073,-3.869699516296407,6.796464462280255,-4.444840927124005
2022-11-07,-0.34840087890626137,0,11,7,84641060.0,0.002329842931937137,57.0,1.0,1.2372156143188704,-9.562246551513681,-12.715430145263667,-4.943056564331073,-3.869699516296407,6.796464462280255
2022-11-08,-1.2206144332885742,1,11,8,78495470.0,-0.01550263277470401,60.0,3.0,-0.34840087890626137,1.2372156143188704,-9.562246551513681,-12.715430145263667,-4.943056564331073,-3.869699516296407
2022-11-09,-10.261033172607426,2,11,9,141455800.0,0.016823329701791245,58.0,-2.0,-1.2206144332885742,-0.34840087890626137,1.2372156143188704,-9.562246551513681,-12.715430145263667,-4.943056564331073
2022-11-10,15.908956947326658,3,11,10,93839870.0,0.007327294170786218,54.0,-4.0,-10.261033172607426,-1.2206144332885742,-0.34840087890626137,1.2372156143188704,-9.562246551513681,-12.715430145263667
2022-11-11,1.9180362319946198,4,11,11,71893170.0,-0.0038975501113586264,60.0,6.0,15.908956947326658,-10.261033172607426,-1.2206144332885742,-0.34840087890626137,1.2372156143188704,-9.562246551513681
2022-11-14,-6.799859886169429,0,11,14,93194450.0,-0.006675198875755899,64.0,4.0,1.9180362319946198,15.908956947326658,-10.261033172607426,-1.2206144332885742,-0.34840087890626137,1.2372156143188704
2022-11-15,1.3304197692871185,1,11,15,68508450.0,-0.003363257048931557,63.0,-1.0,-6.799859886169429,1.9180362319946198,15.908956947326658,-10.261033172607426,-1.2206144332885742,-0.34840087890626137
2022-11-16,-4.927580642700207,2,11,16,74496260.0,0.009588068181818257,67.0,4.0,1.3304197692871185,-6.799859886169429,1.9180362319946198,15.908956947326658,-10.261033172607426,-1.2206144332885742
2022-11-17,-2.906839141845694,3,11,17,92922450.0,-0.004317854707976761,65.0,-2.0,-4.927580642700207,1.3304197692871185,-6.799859886169429,1.9180362319946198,15.908956947326658,-10.261033172607426
2022-11-18,0.9176810073852266,4,11,18,51243190.0,-0.00012671380420185857,61.0,-4.0,-2.906839141845694,-4.927580642700207,1.3304197692871185,-6.799859886169429,1.9180362319946198,15.908956947326658
2022-11-21,-3.423490676879908,0,11,21,60429030.0,0.008177044261065221,60.0,-1.0,0.9176810073852266,-2.906839141845694,-4.927580642700207,1.3304197692871185,-6.799859886169429,1.9180362319946198
2022-11-22,3.6124853134155046,1,11,22,68261630.0,0.007131852293623588,61.0,1.0,-3.423490676879908,0.9176810073852266,-2.906839141845694,-4.927580642700207,1.3304197692871185,-6.799859886169429
2022-11-23,-0.28235633850096065,2,11,23,30545430.0,0.0012427609176546615,61.0,0.0,3.6124853134155046,-3.423490676879908,0.9176810073852266,-2.906839141845694,-4.927580642700207,1.3304197692871185
2022-11-25,-1.0879210662841956,4,11,25,68021750.0,-0.008032128514056098,64.0,3.0,-0.28235633850096065,3.6124853134155046,-3.423490676879908,0.9176810073852266,-2.906839141845694,-4.927580642700207
2022-11-28,-8.065057601928686,0,11,28,52310040.0,-0.0020747412898818236,63.0,-1.0,-1.0879210662841956,-0.28235633850096065,3.6124853134155046,-3.423490676879908,0.9176810073852266,-2.906839141845694
2022-11-29,-2.5432839584350404,1,11,29,144566700.0,0.029900902668759805,60.0,-3.0,-8.065057601928686,-1.0879210662841956,-0.28235633850096065,3.6124853134155046,-3.423490676879908,0.9176810073852266
2022-11-30,11.441372566223151,2,11,30,76398170.0,-0.003412047719573829,58.0,-2.0,-2.5432839584350404,-8.065057601928686,-1.0879210662841956,-0.28235633850096065,3.6124853134155046,-3.423490676879908
2022-12-01,-1.5903712463378952,3,12,1,85342730.0,0.011452163869160318,74.0,16.0,11.441372566223151,-2.5432839584350404,-8.065057601928686,-1.0879210662841956,-0.28235633850096065,3.6124853134155046
2022-12-02,-1.7132891082763422,4,12,2,77289820.0,-0.010911183963562686,76.0,2.0,-1.5903712463378952,11.441372566223151,-2.5432839584350404,-8.065057601928686,-1.0879210662841956,-0.28235633850096065
2022-12-05,-10.218887481689478,0,12,5,77972220.0,-0.014193941548383902,68.0,-8.0,-1.7132891082763422,-1.5903712463378952,11.441372566223151,-2.5432839584350404,-8.065057601928686,-1.0879210662841956
2022-12-06,-7.493948860168473,1,12,6,65927900.0,0.0005595686234612557,65.0,-3.0,-10.218887481689478,-1.7132891082763422,-1.5903712463378952,11.441372566223151,-2.5432839584350404,-8.065057601928686
2022-12-07,-3.016799774169897,2,12,7,60737910.0,0.0027760952957803925,62.0,-3.0,-7.493948860168473,-10.218887481689478,-1.7132891082763422,-1.5903712463378952,11.441372566223151,-2.5432839584350404
2022-12-08,1.4453775787353607,3,12,8,81447730.0,-0.0042209113100082005,58.0,-4.0,-3.016799774169897,-7.493948860168473,-10.218887481689478,-1.7132891082763422,-1.5903712463378952,11.441372566223151
2022-12-09,-3.355349273681668,4,12,9,75405840.0,0.012131846096001942,56.0,-2.0,1.4453775787353607,-3.016799774169897,-7.493948860168473,-10.218887481689478,-1.7132891082763422,-1.5903712463378952
2022-12-12,3.817885589599598,0,12,12,123782500.0,-0.020523919695499663,52.0,-4.0,-3.355349273681668,1.4453775787353607,-3.016799774169897,-7.493948860168473,-10.218887481689478,-1.7132891082763422
2022-12-13,2.3782393646240507,1,12,13,108111300.0,-0.005533299949924979,57.0,5.0,3.817885589599598,-3.355349273681668,1.4453775787353607,-3.016799774169897,-7.493948860168473,-10.218887481689478
2022-12-14,-4.600518798828148,2,12,14,117705900.0,-0.011985730051587444,59.0,2.0,2.3782393646240507,3.817885589599598,-3.355349273681668,1.4453775787353607,-3.016799774169897,-7.493948860168473
2022-12-15,-10.28183471679688,3,12,15,119858000.0,-0.0049834320452945054,61.0,2.0,-4.600518798828148,2.3782393646240507,3.817885589599598,-3.355349273681668,1.4453775787353607,-3.016799774169897
2022-12-16,-8.042121391296405,4,12,16,79878100.0,-0.009078469554234107,60.0,-1.0,-10.28183471679688,-4.600518798828148,2.3782393646240507,3.817885589599598,-3.355349273681668,1.4453775787353607
2022-12-19,-4.722822647094745,0,12,19,74427240.0,0.0034424764807904616,44.0,-16.0,-8.042121391296405,-10.28183471679688,-4.600518798828148,2.3782393646240507,3.817885589599598,-3.355349273681668
2022-12-20,-0.3038072204589639,1,12,20,78167370.0,0.007715609869766766,40.0,-4.0,-4.722822647094745,-8.042121391296405,-10.28183471679688,-4.600518798828148,2.3782393646240507,3.817885589599598
2022-12-21,3.4684395599365416,2,12,21,100120900.0,-0.0061199831897457025,38.0,-2.0,-0.3038072204589639,-4.722822647094745,-8.042121391296405,-10.28183471679688,-4.600518798828148,2.3782393646240507
2022-12-22,-6.83621147155759,3,12,22,59857330.0,0.008513749967355377,39.0,1.0,3.4684395599365416,-0.3038072204589639,-4.722822647094745,-8.042121391296405,-10.28183471679688,-4.600518798828148
2022-12-23,-1.6172951126098383,4,12,23,51638180.0,-0.0036444677503934013,37.0,-2.0,-6.83621147155759,3.4684395599365416,-0.3038072204589639,-4.722822647094745,-8.042121391296405,-10.28183471679688
2022-12-27,-3.9197956085205305,1,12,27,70911520.0,-0.012398449530080069,40.0,3.0,-1.6172951126098383,-6.83621147155759,3.4684395599365416,-0.3038072204589639,-4.722822647094745,-8.042121391296405
2022-12-28,-7.903397407531713,2,12,28,66970880.0,0.009936365533069065,40.0,0.0,-3.9197956085205305,-1.6172951126098383,-6.83621147155759,3.4684395599365416,-0.3038072204589639,-4.722822647094745
2022-12-29,3.4706978225707985,3,12,29,84022210.0,0.004680595141594594,36.0,-4.0,-7.903397407531713,-3.9197956085205305,-1.6172951126098383,-6.83621147155759,3.4684395599365416,-0.3038072204589639
2022-12-30,-2.918360061645501,4,12,30,74850730.0,-0.009321989391313512,37.0,1.0,3.4706978225707985,-7.903397407531713,-3.9197956085205305,-1.6172951126098383,-6.83621147155759,3.4684395599365416
2023-01-03,-5.710382156372077,1,1,3,85934100.0,0.001511361267458787,37.0,0.0,-2.918360061645501,3.4706978225707985,-7.903397407531713,-3.9197956085205305,-1.6172951126098383,-6.83621147155759
2023-01-04,-0.8741171264648528,2,1,4,76970460.0,-0.0061679582476673305,37.0,0.0,-5.710382156372077,-2.918360061645501,3.4706978225707985,-7.903397407531713,-3.9197956085205305,-1.6172951126098383
2023-01-05,-9.481718177795415,3,1,5,104189600.0,0.014095031952174734,40.0,3.0,-0.8741171264648528,-5.710382156372077,-2.918360061645501,3.4706978225707985,-7.903397407531713,-3.9197956085205305
2023-01-06,4.933690147399886,4,1,6,73978070.0,-0.006471407208786652,44.0,4.0,-9.481718177795415,-0.8741171264648528,-5.710382156372077,-2.918360061645501,3.4706978225707985,-7.903397407531713
2023-01-09,-3.0527359390258653,0,1,9,65358090.0,0.008525782170105956,46.0,2.0,4.933690147399886,-9.481718177795415,-0.8741171264648528,-5.710382156372077,-2.918360061645501,3.4706978225707985
2023-01-10,0.2521382141113122,1,1,10,68881080.0,0.008318163430420621,47.0,1.0,-3.0527359390258653,4.933690147399886,-9.481718177795415,-0.8741171264648528,-5.710382156372077,-2.918360061645501
2023-01-11,3.6511969757079896,2,1,11,90157700.0,0.0007305521966947895,50.0,3.0,0.2521382141113122,-3.0527359390258653,4.933690147399886,-9.481718177795415,-0.8741171264648528,-5.710382156372077
2023-01-12,-0.7650137329101767,3,1,12,63903930.0,0.012245922208281043,54.0,4.0,3.6511969757079896,0.2521382141113122,-3.0527359390258653,4.933690147399886,-9.481718177795415,-0.8741171264648528
2023-01-13,-0.04368877410888672,4,1,13,62677280.0,-0.0017849511023959484,57.0,3.0,-0.7650137329101767,3.6511969757079896,0.2521382141113122,-3.0527359390258653,4.933690147399886,-9.481718177795415
2023-01-17,-3.2959141540527526,1,1,17,99632260.0,-0.01920866433369941,61.0,4.0,-0.04368877410888672,-0.7650137329101767,3.6511969757079896,0.2521382141113122,-3.0527359390258653,4.933690147399886
2023-01-18,-7.110029945373526,2,1,18,86958920.0,-0.0018526142445451504,64.0,3.0,-3.2959141540527526,-0.04368877410888672,-0.7650137329101767,3.6511969757079896,0.2521382141113122,-3.0527359390258653
2023-01-19,-4.598284111022963,3,1,19,91806360.0,0.01460038395473369,58.0,-6.0,-7.110029945373526,-3.2959141540527526,-0.04368877410888672,-0.7650137329101767,3.6511969757079896,0.2521382141113122
2023-01-20,5.875987892150874,4,1,20,84178800.0,0.009759628584978579,55.0,-3.0,-4.598284111022963,-7.110029945373526,-3.2959141540527526,-0.04368877410888672,-0.7650137329101767,3.6511969757079896
2023-01-23,4.768089179992671,0,1,23,59524910.0,0.003298350824587689,59.0,4.0,5.875987892150874,-4.598284111022963,-7.110029945373526,-3.2959141540527526,-0.04368877410888672,-0.7650137329101767
2023-01-24,-1.7836540222168082,1,1,24,84800250.0,0.010990383414512386,64.0,5.0,4.768089179992671,5.875987892150874,-4.598284111022963,-7.110029945373526,-3.2959141540527526,-0.04368877410888672
2023-01-25,-1.1142314910888445,2,1,25,72287430.0,0.004002470660901802,63.0,-1.0,-1.7836540222168082,4.768089179992671,5.875987892150874,-4.598284111022963,-7.110029945373526,-3.2959141540527526
2023-01-26,1.3267631530761719,3,1,26,68346180.0,0.004991619010057272,64.0,1.0,-1.1142314910888445,-1.7836540222168082,4.768089179992671,5.875987892150874,-4.598284111022963,-7.110029945373526
2023-01-27,-0.12756378173827443,4,1,27,74202020.0,-0.005516862627624346,68.0,4.0,1.3267631530761719,-1.1142314910888445,-1.7836540222168082,4.768089179992671,5.875987892150874,-4.598284111022963
2023-01-30,-7.122328910827662,0,1,30,86811790.0,0.013161779177327353,69.0,1.0,-0.12756378173827443,1.3267631530761719,-1.1142314910888445,-1.7836540222168082,4.768089179992671,5.875987892150874
2023-01-31,3.619068603515643,1,1,31,101459200.0,0.013605160662122683,67.0,-2.0,-7.122328910827662,-0.12756378173827443,1.3267631530761719,-1.1142314910888445,-1.7836540222168082,4.768089179992671
2023-02-01,3.3945816040039176,2,2,1,101654500.0,0.00460674696482547,70.0,3.0,3.619068603515643,-7.122328910827662,-0.12756378173827443,1.3267631530761719,-1.1142314910888445,-1.7836540222168082
2023-02-02,3.7090065765380587,3,2,2,94736780.0,0.0018430944585911184,82.0,12.0,3.3945816040039176,3.619068603515643,-7.122328910827662,-0.12756378173827443,1.3267631530761719,-1.1142314910888445
2023-02-03,-5.903788948059059,4,2,3,60295330.0,9.760144450128985e-05,75.0,-7.0,3.7090065765380587,3.3945816040039176,3.619068603515643,-7.122328910827662,-0.12756378173827443,1.3267631530761719
2023-02-06,-6.285784645080582,0,2,6,90990750.0,0.015221946578674808,76.0,1.0,-5.903788948059059,3.7090065765380587,3.3945816040039176,3.619068603515643,-7.122328910827662,-0.12756378173827443
2023-02-07,3.3049492263793923,1,2,7,76227460.0,-0.006039206136612732,76.0,0.0,-6.285784645080582,-5.903788948059059,3.7090065765380587,3.3945816040039176,3.619068603515643,-7.122328910827662
2023-02-08,-6.255836105346702,2,2,8,78694860.0,-0.017981281780441796,76.0,0.0,3.3049492263793923,-6.285784645080582,-5.903788948059059,3.7090065765380587,3.3945816040039176,3.619068603515643
2023-02-09,-5.2652303314209234,3,2,9,70769720.0,0.005342613469267735,75.0,-1.0,-6.255836105346702,3.3049492263793923,-6.285784645080582,-5.903788948059059,3.7090065765380587,3.3945816040039176
2023-02-10,-0.05006595611570219,4,2,10,64913540.0,0.009955671826175318,72.0,-3.0,-5.2652303314209234,-6.255836105346702,3.3049492263793923,-6.285784645080582,-5.903788948059059,3.7090065765380587
2023-02-13,3.122379379272445,0,2,13,88389310.0,0.0033927879022876534,72.0,0.0,-0.05006595611570219,-5.2652303314209234,-6.255836105346702,3.3049492263793923,-6.285784645080582,-5.903788948059059
2023-02-14,-0.7244971847534316,1,2,14,61685280.0,0.008768539542973078,73.0,1.0,3.122379379272445,-0.05006595611570219,-5.2652303314209234,-6.255836105346702,3.3049492263793923,-6.285784645080582
2023-02-15,-0.7752223205566224,2,2,15,76431470.0,-0.001249142745174997,73.0,0.0,-0.7244971847534316,3.122379379272445,-0.05006595611570219,-5.2652303314209234,-6.255836105346702,3.3049492263793923
2023-02-16,-5.699389190673855,3,2,16,89257820.0,0.0029465206501988624,74.0,1.0,-0.7752223205566224,-0.7244971847534316,3.122379379272445,-0.05006595611570219,-5.2652303314209234,-6.255836105346702
2023-02-17,-1.7653076553344818,4,2,17,82655920.0,-0.00994763086020704,71.0,-3.0,-5.699389190673855,-0.7752223205566224,-0.7244971847534316,3.122379379272445,-0.05006595611570219,-5.2652303314209234
2023-02-21,-7.7027656173706305,1,2,21,83742290.0,-0.0024589752596978,69.0,-2.0,-1.7653076553344818,-5.699389190673855,-0.7752223205566224,-0.7244971847534316,3.122379379272445,-0.05006595611570219
2023-02-22,0.08210186004640718,2,2,22,96242400.0,-0.0022462936155343114,66.0,-3.0,-7.7027656173706305,-1.7653076553344818,-5.699389190673855,-0.7752223205566224,-0.7244971847534316,3.122379379272445
2023-02-23,1.5515109634399664,3,2,23,108194400.0,0.002421918361168524,64.0,-2.0,0.08210186004640718,-7.7027656173706305,-1.7653076553344818,-5.699389190673855,-0.7752223205566224,-0.7244971847534316
2023-02-24,-4.054365272521977,4,2,24,80444740.0,-0.00538053453347745,63.0,-1.0,1.5515109634399664,0.08210186004640718,-7.7027656173706305,-1.7653076553344818,-5.699389190673855,-0.7752223205566224
2023-02-27,-0.41811992645261853,0,2,27,96438570.0,-0.002447887750466934,61.0,-2.0,-4.054365272521977,1.5515109634399664,0.08210186004640718,-7.7027656173706305,-1.7653076553344818,-5.699389190673855
2023-02-28,-1.196498146057138,1,2,28,99706820.0,-0.0016973197547753354,61.0,0.0,-0.41811992645261853,-4.054365272521977,1.5515109634399664,0.08210186004640718,-7.7027656173706305,-1.7653076553344818
2023-03-01,-1.7776286697387604,2,3,1,85404730.0,0.012895603428772518,61.0,0.0,-1.196498146057138,-0.41811992645261853,-4.054365272521977,1.5515109634399664,0.08210186004640718,-7.7027656173706305
2023-03-02,3.1622882461547874,3,3,2,90119950.0,0.011083896187436647,66.0,5.0,-1.7776286697387604,-1.196498146057138,-0.41811992645261853,-4.054365272521977,1.5515109634399664,0.08210186004640718
2023-03-03,7.5854038619995094,4,3,3,72795950.0,-0.001433975325734873,52.0,-14.0,3.1622882461547874,-1.7776286697387604,-1.196498146057138,-0.41811992645261853,-4.054365272521977,1.5515109634399664
2023-03-06,0.4933774185180937,0,3,6,108310600.0,-0.015441785723253157,56.0,4.0,7.5854038619995094,3.1622882461547874,-1.7776286697387604,-1.196498146057138,-0.41811992645261853,-4.054365272521977
2023-03-07,-5.709755401611346,1,3,7,74746630.0,0.0013285871854006555,55.0,-1.0,0.4933774185180937,7.5854038619995094,3.1622882461547874,-1.7776286697387604,-1.196498146057138,-0.41811992645261853
2023-03-08,-1.1379881668090661,2,3,8,111945300.0,-0.020890795791194215,50.0,-5.0,-5.709755401611346,0.4933774185180937,7.5854038619995094,3.1622882461547874,-1.7776286697387604,-1.196498146057138
2023-03-09,-7.123984756469724,3,3,9,189253000.0,-0.013163691016039968,49.0,-1.0,-1.1379881668090661,-5.709755401611346,0.4933774185180937,7.5854038619995094,3.1622882461547874,-1.7776286697387604
2023-03-10,-6.488781776428198,4,3,10,157790000.0,0.009212165248079747,37.0,-12.0,-7.123984756469724,-1.1379881668090661,-5.709755401611346,0.4933774185180937,7.5854038619995094,3.1622882461547874
2023-03-13,-1.2933966064452989,0,3,13,149752400.0,0.003139917800525919,24.0,-13.0,-6.488781776428198,-7.123984756469724,-1.1379881668090661,-5.709755401611346,0.4933774185180937,7.5854038619995094
2023-03-14,6.520355682373065,1,3,14,172996900.0,0.008708384710234244,26.0,2.0,-1.2933966064452989,-6.488781776428198,-7.123984756469724,-1.1379881668090661,-5.709755401611346,0.4933774185180937
2023-03-15,-3.181169242858914,2,3,15,143753900.0,0.02345308121481412,24.0,-2.0,6.520355682373065,-1.2933966064452989,-6.488781776428198,-7.123984756469724,-1.1379881668090661,-5.709755401611346
2023-03-16,6.081037864685072,3,3,16,140553400.0,-0.008282263647785887,22.0,-2.0,-3.181169242858914,6.520355682373065,-1.2933966064452989,-6.488781776428198,-7.123984756469724,-1.1379881668090661
2023-03-17,-7.881296882629385,4,3,17,93055780.0,0.007466856301112403,33.0,11.0,6.081037864685072,-3.181169242858914,6.520355682373065,-1.2933966064452989,-6.488781776428198,-7.123984756469724
2023-03-20,2.672037353515634,0,3,20,91524250.0,0.00418640796169566,29.0,-4.0,-7.881296882629385,6.081037864685072,-3.181169242858914,6.520355682373065,-1.2933966064452989,-6.488781776428198
2023-03-21,4.092145118713404,1,3,21,111746600.0,-0.01688301752059372,38.0,9.0,2.672037353515634,-7.881296882629385,6.081037864685072,-3.181169242858914,6.520355682373065,-1.2933966064452989
2023-03-22,-7.158445968627916,2,3,22,119351300.0,-0.0048833837780094085,43.0,5.0,4.092145118713404,2.672037353515634,-7.881296882629385,6.081037864685072,-3.181169242858914,6.520355682373065
2023-03-23,0.4839200210571448,3,3,23,107770100.0,0.009877447883764982,40.0,-3.0,-7.158445968627916,4.092145118713404,2.672037353515634,-7.881296882629385,6.081037864685072,-3.181169242858914
2023-03-24,0.6156597137451172,4,3,24,74010410.0,-0.004111074680319795,33.0,-7.0,0.4839200210571448,-7.158445968627916,4.092145118713404,2.672037353515634,-7.881296882629385,6.081037864685072
2023-03-27,-1.0626647567748932,0,3,27,62871680.0,-0.00042972699696652947,37.0,4.0,0.6156597137451172,0.4839200210571448,-7.158445968627916,4.092145118713404,2.672037353515634,-7.881296882629385
2023-03-28,-4.517896080017067,1,3,28,77497880.0,0.0035505170051077896,38.0,1.0,-1.0626647567748932,0.6156597137451172,0.4839200210571448,-7.158445968627916,4.092145118713404,2.672037353515634
2023-03-29,3.622423744201683,2,3,29,69840050.0,-0.0009660639088431666,38.0,0.0,-4.517896080017067,-1.0626647567748932,0.6156597137451172,0.4839200210571448,-7.158445968627916,4.092145118713404
2023-03-30,0.2790519714355355,3,3,30,112062600.0,0.011553775128850146,40.0,2.0,3.622423744201683,-4.517896080017067,-1.0626647567748932,0.6156597137451172,0.4839200210571448,-7.158445968627916
2023-03-31,4.011217727661119,4,3,31,67391100.0,0.0051101107190654966,45.0,5.0,0.2790519714355355,3.622423744201683,-4.517896080017067,-1.0626647567748932,0.6156597137451172,0.4839200210571448
2023-04-03,0.8672039031982308,0,4,3,66601530.0,-0.007218538184843489,60.0,15.0,4.011217727661119,0.2790519714355355,3.622423744201683,-4.517896080017067,-1.0626647567748932,0.6156597137451172
2023-04-04,-4.522365646362289,1,4,4,65200240.0,-0.0007605495583905845,55.0,-5.0,0.8672039031982308,4.011217727661119,0.2790519714355355,3.622423744201683,-4.517896080017067,-1.0626647567748932
2023-04-05,-3.1398405075073015,2,4,5,63743350.0,0.005914123023534338,53.0,-2.0,-4.522365646362289,0.8672039031982308,4.011217727661119,0.2790519714355355,3.622423744201683,-4.517896080017067
2023-04-06,-2.1322103118896507,3,4,6,63681040.0,0.007324039940431142,56.0,3.0,-3.1398405075073015,-4.522365646362289,0.8672039031982308,4.011217727661119,0.2790519714355355,3.622423744201683
2023-04-10,-0.9834514999389512,0,4,10,59297950.0,-0.001317973250024318,59.0,3.0,-2.1322103118896507,-3.1398405075073015,-4.522365646362289,0.8672039031982308,4.011217727661119,0.2790519714355355
2023-04-11,-1.5431635665893282,1,4,11,86420380.0,-0.009361597843401527,59.0,0.0,-0.9834514999389512,-2.1322103118896507,-3.1398405075073015,-4.522365646362289,0.8672039031982308,4.011217727661119
2023-04-12,-2.738819313049305,2,4,12,85814750.0,0.010375601615594893,60.0,1.0,-1.5431635665893282,-0.9834514999389512,-2.1322103118896507,-3.1398405075073015,-4.522365646362289,0.8672039031982308
2023-04-13,5.09433052062991,3,4,13,78161500.0,-0.000848567133782725,60.0,0.0,-2.738819313049305,-1.5431635665893282,-0.9834514999389512,-2.1322103118896507,-3.1398405075073015,-4.522365646362289
2023-04-14,-2.125581779480001,4,4,14,66436400.0,0.003792820215490151,69.0,9.0,5.09433052062991,-2.738819313049305,-1.5431635665893282,-0.9834514999389512,-2.1322103118896507,-3.1398405075073015
2023-04-17,0.9334024810790993,0,4,17,63560000.0,-0.0033075010260495996,67.0,-2.0,-2.125581779480001,5.09433052062991,-2.738819313049305,-1.5431635665893282,-0.9834514999389512,-2.1322103118896507
2023-04-18,-1.6727037811279502,1,4,18,55227330.0,0.004636113391606605,69.0,2.0,0.9334024810790993,-2.125581779480001,5.09433052062991,-2.738819313049305,-1.5431635665893282,-0.9834514999389512
2023-04-19,-0.16175685882569724,2,4,19,75840360.0,0.0016266873846751868,70.0,1.0,-1.6727037811279502,0.9334024810790993,-2.125581779480001,5.09433052062991,-2.738819313049305,-1.5431635665893282
2023-04-20,-2.6772481155395553,3,4,20,73457420.0,2.4260067928168134e-05,69.0,-1.0,-0.16175685882569724,-1.6727037811279502,0.9334024810790993,-2.125581779480001,5.09433052062991,-2.738819313049305
2023-04-21,0.20193595886229332,4,4,21,64332100.0,0.001551026343213015,65.0,-4.0,-2.6772481155395553,-0.16175685882569724,-1.6727037811279502,0.9334024810790993,-2.125581779480001,5.09433052062991
2023-04-24,1.271424179077144,0,4,24,97766720.0,-0.011081560283687944,65.0,0.0,0.20193595886229332,-2.6772481155395553,-0.16175685882569724,-1.6727037811279502,0.9334024810790993,-2.125581779480001
2023-04-25,-7.147778434753434,1,4,25,80447050.0,-0.005836383420714249,64.0,-1.0,1.271424179077144,0.20193595886229332,-2.6772481155395553,-0.16175685882569724,-1.6727037811279502,0.9334024810790993
2023-04-26,-2.491347923278795,2,4,26,92968370.0,0.013118013627215696,55.0,-9.0,-7.147778434753434,1.271424179077144,0.20193595886229332,-2.6772481155395553,-0.16175685882569724,-1.6727037811279502
2023-04-27,5.674234542846705,3,4,27,89433140.0,0.010674873175774764,53.0,-2.0,-2.491347923278795,-7.147778434753434,1.271424179077144,0.20193595886229332,-2.6772481155395553,-0.16175685882569724
2023-04-28,3.7894284057617256,4,4,28,62122250.0,9.626723785219037e-05,58.0,5.0,5.674234542846705,-2.491347923278795,-7.147778434753434,1.271424179077144,0.20193595886229332,-2.6772481155395553
2023-05-01,-0.35790084838868097,0,5,1,103998500.0,-0.009565767695453234,60.0,2.0,3.7894284057617256,5.674234542846705,-2.491347923278795,-7.147778434753434,1.271424179077144,0.20193595886229332
2023-05-02,-4.29261222839358,1,5,2,91531770.0,-0.008185873241507848,58.0,-2.0,-0.35790084838868097,3.7894284057617256,5.674234542846705,-2.491347923278795,-7.147778434753434,1.271424179077144
2023-05-03,-2.0761713790893737,2,5,3,94901860.0,-0.0044430182904253235,53.0,-5.0,-4.29261222839358,-0.35790084838868097,3.7894284057617256,5.674234542846705,-2.491347923278795,-7.147778434753434
2023-05-04,-3.716375465393071,3,5,4,87891790.0,0.00901534061992577,57.0,4.0,-2.0761713790893737,-4.29261222839358,-0.35790084838868097,3.7894284057617256,5.674234542846705,-2.491347923278795
2023-05-05,7.021952514648433,4,5,5,50046770.0,-0.0005572515384988569,52.0,-5.0,-3.716375465393071,-2.0761713790893737,-4.29261222839358,-0.35790084838868097,3.7894284057617256,5.674234542846705
2023-05-08,-1.0002601242065339,0,5,8,49220120.0,-0.00048670089796312905,60.0,8.0,7.021952514648433,-3.716375465393071,-2.0761713790893737,-4.29261222839358,-0.35790084838868097,3.7894284057617256
2023-05-09,-1.2821515274047783,1,5,9,96142920.0,-0.002494852852125403,60.0,0.0,-1.0002601242065339,7.021952514648433,-3.716375465393071,-2.0761713790893737,-4.29261222839358,-0.35790084838868097
2023-05-10,1.9115329742431868,2,5,10,70157060.0,0.0004367553927159072,59.0,-1.0,-1.2821515274047783,-1.0002601242065339,7.021952514648433,-3.716375465393071,-2.0761713790893737,-4.29261222839358
2023-05-11,0.00454032897948764,3,5,11,70481550.0,-0.004446172161617243,58.0,-1.0,1.9115329742431868,-1.2821515274047783,-1.0002601242065339,7.021952514648433,-3.716375465393071,-2.0761713790893737
2023-05-12,0.8561561965942133,4,5,12,54289380.0,0.0019127866153361025,57.0,-1.0,0.00454032897948764,1.9115329742431868,-1.2821515274047783,-1.0002601242065339,7.021952514648433,-3.716375465393071
2023-05-15,1.1991193389892487,0,5,15,57705500.0,-0.003924436319317523,58.0,1.0,0.8561561965942133,0.00454032897948764,1.9115329742431868,-1.2821515274047783,-1.0002601242065339,7.021952514648433
2023-05-16,-2.441655158996582,1,5,16,87286960.0,0.00693591503504081,59.0,1.0,1.1991193389892487,0.8561561965942133,0.00454032897948764,1.9115329742431868,-1.2821515274047783,-1.0002601242065339
2023-05-17,3.249725799560565,2,5,17,97177200.0,0.010328459318274075,57.0,-2.0,-2.441655158996582,1.1991193389892487,0.8561561965942133,0.00454032897948764,1.9115329742431868,-1.2821515274047783
2023-05-18,4.478334884643573,3,5,18,103793300.0,-0.0037026420142372827,62.0,5.0,3.249725799560565,-2.441655158996582,1.1991193389892487,0.8561561965942133,0.00454032897948764,1.9115329742431868
2023-05-19,-0.40525043487548373,4,5,19,60745400.0,0.00035817474151730963,68.0,6.0,4.478334884643573,3.249725799560565,-2.441655158996582,1.1991193389892487,0.8561561965942133,0.00454032897948764
2023-05-22,0.09342960357668062,0,5,22,86383490.0,-0.007220652515153733,69.0,1.0,-0.40525043487548373,4.478334884643573,3.249725799560565,-2.441655158996582,1.1991193389892487,0.8561561965942133
2023-05-23,-4.1807414627075445,1,5,23,89213680.0,-0.0032353012722275924,70.0,1.0,0.09342960357668062,-0.40525043487548373,4.478334884643573,3.249725799560565,-2.441655158996582,1.1991193389892487
2023-05-24,-4.618621025085474,2,5,24,90961610.0,-0.00021705052453884442,64.0,-6.0,-4.1807414627075445,0.09342960357668062,-0.40525043487548373,4.478334884643573,3.249725799560565,-2.441655158996582
2023-05-25,2.07325687408445,3,5,25,93829980.0,0.01116613494595495,61.0,-3.0,-4.618621025085474,-4.1807414627075445,0.09342960357668062,-0.40525043487548373,4.478334884643573,3.249725799560565
2023-05-26,2.530951042175275,4,5,26,72215960.0,-0.004402874958351102,62.0,1.0,2.07325687408445,-4.618621025085474,-4.1807414627075445,0.09342960357668062,-0.40525043487548373,4.478334884643573
2023-05-30,-0.8586104583740166,1,5,30,110811800.0,-0.00102907742012672,69.0,7.0,2.530951042175275,2.07325687408445,-4.618621025085474,-4.1807414627075445,0.09342960357668062,-0.40525043487548373
2023-05-31,-3.8876995086669695,2,5,31,88865020.0,0.008842634298990133,69.0,0.0,-0.8586104583740166,2.530951042175275,2.07325687408445,-4.618621025085474,-4.1807414627075445,0.09342960357668062
2023-06-01,2.655495948791497,3,6,1,91426170.0,0.007992148065058926,64.0,-5.0,-3.8876995086669695,-0.8586104583740166,2.530951042175275,2.07325687408445,-4.618621025085474,-4.1807414627075445
2023-06-02,6.083569450378434,4,6,2,65460160.0,-0.0027628190119408803,62.0,-2.0,2.655495948791497,-3.8876995086669695,-0.8586104583740166,2.530951042175275,2.07325687408445,-4.618621025085474
2023-06-05,-1.4169076919555437,0,6,5,64022180.0,0.0031773473821927363,74.0,12.0,6.083569450378434,2.655495948791497,-3.8876995086669695,-0.8586104583740166,2.530951042175275,2.07325687408445
2023-06-06,0.7163794326781954,1,6,6,85373280.0,-0.004430899073965505,74.0,0.0,-1.4169076919555437,6.083569450378434,2.655495948791497,-3.8876995086669695,-0.8586104583740166,2.530951042175275
2023-06-07,-3.0295850753784066,2,6,7,61952840.0,0.005849043413417824,76.0,2.0,0.7163794326781954,-1.4169076919555437,6.083569450378434,2.655495948791497,-3.8876995086669695,-0.8586104583740166
2023-06-08,2.8744477081298783,3,6,8,85647270.0,-0.00013956734124215462,77.0,1.0,-3.0295850753784066,0.7163794326781954,-1.4169076919555437,6.083569450378434,2.655495948791497,-3.8876995086669695
2023-06-09,1.20969429016111,4,6,9,76256700.0,0.006639004149377583,78.0,1.0,2.8744477081298783,-3.0295850753784066,0.7163794326781954,-1.4169076919555437,6.083569450378434,2.655495948791497
2023-06-12,5.41659336090089,0,6,12,95899700.0,0.0030687491412083353,77.0,-1.0,1.20969429016111,2.8744477081298783,-3.0295850753784066,0.7163794326781954,-1.4169076919555437,6.083569450378434
2023-06-13,5.643112335205103,1,6,13,100612100.0,0.0003888558488494806,79.0,2.0,5.41659336090089,1.20969429016111,2.8744477081298783,-3.0295850753784066,0.7163794326781954,-1.4169076919555437
2023-06-14,2.0808331298828193,2,6,14,110303100.0,0.014166290103931401,80.0,1.0,5.643112335205103,5.41659336090089,1.20969429016111,2.8744477081298783,-3.0295850753784066,0.7163794326781954
2023-06-15,7.464256858825706,3,6,15,114165800.0,-0.008100851044463666,79.0,-1.0,2.0808331298828193,5.643112335205103,5.41659336090089,1.20969429016111,2.8744477081298783,-3.0295850753784066
2023-06-16,-2.2133188629150595,4,6,16,76160360.0,-0.0006175945834667226,81.0,2.0,7.464256858825706,2.0808331298828193,5.643112335205103,5.41659336090089,1.20969429016111,2.8744477081298783
2023-06-20,-0.3657658767700127,1,6,20,76982250.0,-0.002804984595576464,80.0,-1.0,-2.2133188629150595,7.464256858825706,2.0808331298828193,5.643112335205103,5.41659336090089,1.20969429016111
2023-06-21,-1.0289683914184593,2,6,21,70637180.0,0.005864699548693048,78.0,-2.0,-0.3657658767700127,-2.2133188629150595,7.464256858825706,2.0808331298828193,5.643112335205103,5.41659336090089
2023-06-22,2.8993394470214753,3,6,22,92074540.0,0.0006463378038364135,78.0,0.0,-1.0289683914184593,-0.3657658767700127,-2.2133188629150595,7.464256858825706,2.0808331298828193,5.643112335205103
2023-06-23,-1.2016821289062705,4,6,23,72823560.0,-0.002735026886705004,76.0,-2.0,2.8993394470214753,-1.0289683914184593,-0.3657658767700127,-2.2133188629150595,7.464256858825706,2.0808331298828193
2023-06-26,-2.2651019668579124,0,6,26,72813700.0,0.00875805305270879,73.0,-3.0,-1.2016821289062705,2.8993394470214753,-1.0289683914184593,-0.3657658767700127,-2.2133188629150595,7.464256858825706
2023-06-27,4.383189125061051,1,6,27,75635980.0,0.003070647815027785,72.0,-1.0,-2.2651019668579124,-1.2016821289062705,2.8993394470214753,-1.0289683914184593,-0.3657658767700127,-2.2133188629150595
2023-06-28,-1.4587844467163222,2,6,28,67882300.0,0.0049074433361485335,77.0,5.0,4.383189125061051,-2.2651019668579124,-1.2016821289062705,2.8993394470214753,-1.0289683914184593,-0.3657658767700127
2023-06-29,1.5255721664428847,3,6,29,104964000.0,0.004150875293268307,78.0,1.0,-1.4587844467163222,4.383189125061051,-2.2651019668579124,-1.2016821289062705,2.8993394470214753,-1.0289683914184593
2023-06-30,4.589308052062961,4,6,30,32793380.0,0.0019603866693706585,79.0,1.0,1.5255721664428847,-1.4587844467163222,4.383189125061051,-2.2651019668579124,-1.2016821289062705,2.8993394470214753
2023-07-03,0.6219025039673056,0,7,3,58418430.0,0.0027531424187032484,83.0,4.0,4.589308052062961,1.5255721664428847,-1.4587844467163222,4.383189125061051,-2.2651019668579124,-1.2016821289062705
2023-07-05,0.17956150054931186,2,7,5,80658300.0,0.0005458763590047061,79.0,-4.0,0.6219025039673056,4.589308052062961,1.5255721664428847,-1.4587844467163222,4.383189125061051,-2.2651019668579124
2023-07-06,-4.1364887619018305,3,7,6,86134180.0,-0.00018241933644962737,79.0,0.0,0.17956150054931186,0.6219025039673056,4.589308052062961,1.5255721664428847,-1.4587844467163222,4.383189125061051
2023-07-07,-1.511139106750477,4,7,7,62443500.0,0.0033662375471956016,78.0,-1.0,-4.1364887619018305,0.17956150054931186,0.6219025039673056,4.589308052062961,1.5255721664428847,-1.4587844467163222
2023-07-10,-0.465976562499975,0,7,10,64463750.0,0.004542783528454529,78.0,0.0,-1.511139106750477,-4.1364887619018305,0.17956150054931186,0.6219025039673056,4.589308052062961,1.5255721664428847
2023-07-11,3.325092277526835,1,7,11,91924530.0,-0.0008295592125913739,77.0,-1.0,-0.465976562499975,-1.511139106750477,-4.1364887619018305,0.17956150054931186,0.6219025039673056,4.589308052062961
2023-07-12,4.106746215820294,2,7,12,72425240.0,0.003692499332680899,78.0,1.0,3.325092277526835,-0.465976562499975,-1.511139106750477,-4.1364887619018305,0.17956150054931186,0.6219025039673056
2023-07-13,4.935482559204104,3,7,13,69815820.0,-0.0026598112535613653,80.0,2.0,4.106746215820294,3.325092277526835,-0.465976562499975,-1.511139106750477,-4.1364887619018305,0.17956150054931186
2023-07-14,2.2176773834228243,4,7,14,52680220.0,0.0037929198828852355,81.0,1.0,4.935482559204104,4.106746215820294,3.325092277526835,-0.465976562499975,-1.511139106750477,-4.1364887619018305
2023-07-17,2.5266092681884516,0,7,17,80744450.0,0.008124353244236989,80.0,-1.0,2.2176773834228243,4.935482559204104,4.106746215820294,3.325092277526835,-0.465976562499975,-1.511139106750477
2023-07-18,4.877463760375974,1,7,18,65891690.0,0.00041739894551844845,81.0,1.0,2.5266092681884516,2.2176773834228243,4.935482559204104,4.106746215820294,3.325092277526835,-0.465976562499975
2023-07-19,1.0907585144042855,2,7,19,70591640.0,-0.004400902295546042,83.0,2.0,4.877463760375974,2.5266092681884516,2.2176773834228243,4.935482559204104,4.106746215820294,3.325092277526835
2023-07-20,-1.2874577713012627,3,7,20,71275620.0,-0.003936485470387838,82.0,-1.0,1.0907585144042855,4.877463760375974,2.5266092681884516,2.2176773834228243,4.935482559204104,4.106746215820294
2023-07-21,0.8725354003906318,4,7,21,54023380.0,0.0018273888154997449,82.0,0.0,-1.2874577713012627,1.0907585144042855,4.877463760375974,2.5266092681884516,2.2176773834228243,4.935482559204104
2023-07-24,2.852701377868641,0,7,24,55191240.0,0.0033374319339539386,83.0,1.0,0.8725354003906318,-1.2874577713012627,1.0907585144042855,4.877463760375974,2.5266092681884516,2.2176773834228243
2023-07-25,2.845574798583982,1,7,25,71052890.0,0.0022831551447826913,81.0,-2.0,2.852701377868641,0.8725354003906318,-1.2874577713012627,1.0907585144042855,4.877463760375974,2.5266092681884516
2023-07-26,0.04162956237792059,2,7,26,92194380.0,-0.014431258149351306,81.0,0.0,2.845574798583982,2.852701377868641,0.8725354003906318,-1.2874577713012627,1.0907585144042855,4.877463760375974
2023-07-27,-2.8064754104614167,3,7,27,80011790.0,0.0022761096034317175,80.0,-1.0,0.04162956237792059,2.845574798583982,2.852701377868641,0.8725354003906318,-1.2874577713012627,1.0907585144042855
2023-07-28,2.5543774795532386,4,7,28,62040450.0,0.0008300749251840264,77.0,-3.0,-2.8064754104614167,0.04162956237792059,2.845574798583982,2.852701377868641,0.8725354003906318,-1.2874577713012627
2023-07-31,1.0854216003418173,0,7,31,55502200.0,0.00046004206098851293,78.0,1.0,2.5543774795532386,-2.8064754104614167,0.04162956237792059,2.845574798583982,2.852701377868641,0.8725354003906318
2023-08-01,-1.4693703842162904,1,8,1,93933370.0,-0.006931330948837013,77.0,-1.0,1.0854216003418173,2.5543774795532386,-2.8064754104614167,0.04162956237792059,2.845574798583982,2.852701377868641
2023-08-02,-6.133617515563969,2,8,2,64419690.0,0.0017823723375812194,59.0,-18.0,-1.4693703842162904,1.0854216003418173,2.5543774795532386,-2.8064754104614167,0.04162956237792059,2.845574798583982
2023-08-03,-0.735617790222193,3,8,3,100128900.0,-0.008750923211208399,74.0,15.0,-6.133617515563969,-1.4693703842162904,1.0854216003418173,2.5543774795532386,-2.8064754104614167,0.04162956237792059
2023-08-04,-2.7094139480590798,4,8,4,58357460.0,0.004437443145259702,75.0,1.0,-0.735617790222193,-6.133617515563969,-1.4693703842162904,1.0854216003418173,2.5543774795532386,-2.8064754104614167
2023-08-07,4.3405751800536905,0,8,7,71361320.0,0.0014930362116991997,69.0,-6.0,-2.7094139480590798,-0.735617790222193,-6.133617515563969,-1.4693703842162904,1.0854216003418173,2.5543774795532386
2023-08-08,-2.4142370223999023,1,8,8,78789580.0,-0.007358384744812053,67.0,-2.0,4.3405751800536905,-2.7094139480590798,-0.735617790222193,-6.133617515563969,-1.4693703842162904,1.0854216003418173
2023-08-09,-1.6621627807617188,2,8,9,93005500.0,-0.005113139422753409,69.0,2.0,-2.4142370223999023,4.3405751800536905,-2.7094139480590798,-0.735617790222193,-6.133617515563969,-1.4693703842162904
2023-08-10,1.171672019958521,3,8,10,68690900.0,0.0037697744867047013,67.0,-2.0,-1.6621627807617188,-2.4142370223999023,4.3405751800536905,-2.7094139480590798,-0.735617790222193,-6.133617515563969
2023-08-11,1.5940593719482195,4,8,11,47867440.0,0.007609738680234819,64.0,-3.0,1.171672019958521,-1.6621627807617188,-2.4142370223999023,4.3405751800536905,-2.7094139480590798,-0.735617790222193
2023-08-14,5.582650527954115,0,8,14,75707530.0,-0.007631691842218148,63.0,-1.0,1.5940593719482195,1.171672019958521,-1.6621627807617188,-2.4142370223999023,4.3405751800536905,-2.7094139480590798
2023-08-15,-3.3093188858032363,1,8,15,80107210.0,-0.006414339004640145,70.0,7.0,5.582650527954115,1.5940593719482195,1.171672019958521,-1.6621627807617188,-2.4142370223999023,4.3405751800536905
2023-08-16,-1.4932683563232558,2,8,16,95711320.0,-0.01116230030484312,56.0,-14.0,-3.3093188858032363,5.582650527954115,1.5940593719482195,1.171672019958521,-1.6621627807617188,-2.4142370223999023
2023-08-17,-3.5272626495361123,3,8,17,98851960.0,0.0071706758304696345,52.0,-4.0,-1.4932683563232558,-3.3093188858032363,5.582650527954115,1.5940593719482195,1.171672019958521,-1.6621627807617188
2023-08-18,1.4013385772705078,4,8,18,68718960.0,0.004074293258068839,44.0,-8.0,-3.5272626495361123,-1.4932683563232558,-3.3093188858032363,5.582650527954115,1.5940593719482195,1.171672019958521
2023-08-21,2.6612461471557367,0,8,21,65062860.0,-0.006915439917836426,46.0,2.0,1.4013385772705078,-3.5272626495361123,-1.4932683563232558,-3.3093188858032363,5.582650527954115,1.5940593719482195
2023-08-22,-1.1431585311889876,1,8,22,68441020.0,0.008532153578764357,48.0,2.0,2.6612461471557367,1.4013385772705078,-3.5272626495361123,-1.4932683563232558,-3.3093188858032363,5.582650527954115
2023-08-23,4.930812149047824,2,8,23,88517270.0,-0.017853464258737923,47.0,-1.0,-1.1431585311889876,2.6612461471557367,1.4013385772705078,-3.5272626495361123,-1.4932683563232558,-3.3093188858032363
2023-08-24,-7.698571548461928,3,8,24,102325100.0,0.0029320180921426926,50.0,3.0,4.930812149047824,-1.1431585311889876,2.6612461471557367,1.4013385772705078,-3.5272626495361123,-1.4932683563232558
2023-08-25,0.6248213958740507,4,8,25,61595390.0,0.0011744511699340089,46.0,-4.0,-7.698571548461928,4.930812149047824,-1.1431585311889876,2.6612461471557367,1.4013385772705078,-3.5272626495361123
2023-08-28,-2.6843302154541107,0,8,28,83081920.0,0.014493721613678973,48.0,2.0,0.6248213958740507,-7.698571548461928,4.930812149047824,-1.1431585311889876,2.6612461471557367,1.4013385772705078
2023-08-29,2.3765842056274664,1,8,29,69053910.0,0.003325868606017605,48.0,0.0,-2.6843302154541107,0.6248213958740507,-7.698571548461928,4.930812149047824,-1.1431585311889876,2.6612461471557367
2023-08-30,-2.497251739501962,2,8,30,66084560.0,-0.0028866437215498046,50.0,2.0,2.3765842056274664,-2.6843302154541107,0.6248213958740507,-7.698571548461928,4.930812149047824,-1.1431585311889876
2023-08-31,-4.960276985168434,3,8,31,58944100.0,-0.004388395132870893,54.0,4.0,-2.497251739501962,2.3765842056274664,-2.6843302154541107,0.6248213958740507,-7.698571548461928,4.930812149047824
